<<<<<<< HEAD,,,,,,,
-9.57125079,-9.57125079,-9.57125074,-9.57124693,-9.57110265,-9.56813968,-9.53506893,-9.33230319
-9.57125079,-9.57125079,-9.57125074,-9.57124662,-9.57109242,-9.56796438,-9.53347311,-9.32441079
-9.57125079,-9.57125079,-9.57125073,-9.57124627,-9.57108153,-9.56778003,-9.53181591,-9.31630372
-9.57125079,-9.57125079,-9.57125072,-9.57124591,-9.57106993,-9.56758621,-9.53009541,-9.30797729
-9.57125079,-9.57125079,-9.57125072,-9.57124551,-9.57105758,-9.56738247,-9.52830963,-9.29942671
-9.57125079,-9.57125079,-9.57125071,-9.57124508,-9.57104444,-9.56716837,-9.52645655,-9.29064704
-9.57125079,-9.57125079,-9.5712507,-9.57124462,-9.57103046,-9.56694344,-9.52453413,-9.28163325
-9.57125079,-9.57125079,-9.57125069,-9.57124412,-9.57101558,-9.56670719,-9.52254026,-9.27238015
-9.57125079,-9.57125079,-9.57125068,-9.57124359,-9.57099977,-9.56645911,-9.5204728,-9.26288245
-9.57125079,-9.57125079,-9.57125067,-9.57124301,-9.57098295,-9.56619868,-9.51832957,-9.25313468
-9.57125079,-9.57125079,-9.57125066,-9.57124239,-9.57096508,-9.56592534,-9.51610835,-9.24313124
-9.57125079,-9.57125079,-9.57125065,-9.57124172,-9.57094608,-9.56563854,-9.51380685,-9.23286638
-9.57125079,-9.57125079,-9.57125063,-9.571241,-9.57092591,-9.56533769,-9.51142278,-9.22233419
-9.57125079,-9.57125079,-9.57125062,-9.57124023,-9.57090448,-9.56502217,-9.50895377,-9.21152856
-9.57125079,-9.57125079,-9.5712506,-9.5712394,-9.57088172,-9.56469136,-9.50639742,-9.20044325
-9.57125079,-9.57125079,-9.57125059,-9.5712385,-9.57085756,-9.5643446,-9.5037513,-9.18907181
-9.57125079,-9.57125079,-9.57125057,-9.57123754,-9.57083193,-9.56398122,-9.50101292,-9.17740762
-9.57125079,-9.57125079,-9.57125055,-9.57123651,-9.57080473,-9.56360051,-9.49817975,-9.16544385
-9.57125079,-9.57125079,-9.57125052,-9.5712354,-9.57077587,-9.56320175,-9.49524921,-9.15317348
-9.57125079,-9.57125079,-9.5712505,-9.57123421,-9.57074527,-9.5627842,-9.49221871,-9.1405893
-9.57125079,-9.57125079,-9.57125047,-9.57123293,-9.57071283,-9.56234707,-9.48908557,-9.12768386
-9.57125079,-9.57125079,-9.57125044,-9.57123156,-9.57067845,-9.56188956,-9.48584709,-9.11444953
-9.57125079,-9.57125079,-9.57125041,-9.57123009,-9.57064201,-9.56141084,-9.48250054,-9.10087844
-9.57125079,-9.57125079,-9.57125038,-9.57122851,-9.57060341,-9.56091006,-9.47904311,-9.08696251
-9.57125079,-9.57125079,-9.57125034,-9.57122681,-9.57056252,-9.56038634,-9.47547199,-9.07269344
-9.57125079,-9.57125079,-9.5712503,-9.57122499,-9.57051923,-9.55983876,-9.47178428,-9.0580627
-9.57125079,-9.57125079,-9.57125025,-9.57122304,-9.5704734,-9.55926637,-9.46797708,-9.04306154
-9.57125079,-9.57125079,-9.57125021,-9.57122096,-9.5704249,-9.55866821,-9.46404741,-9.02768099
-9.57125079,-9.57125079,-9.57125016,-9.57121872,-9.57037358,-9.55804328,-9.45999226,-9.01191184
-9.57125079,-9.57125079,-9.5712501,-9.57121632,-9.57031929,-9.55739053,-9.45580857,-8.99574469
-9.57125079,-9.57125079,-9.57125004,-9.57121375,-9.57026188,-9.55670891,-9.45149324,-8.97916989
-9.57125079,-9.57125079,-9.57124997,-9.571211,-9.57020118,-9.55599732,-9.44704312,-8.9621776
-9.57125079,-9.57125078,-9.5712499,-9.57120806,-9.57013703,-9.55525463,-9.44245501,-8.94475778
-9.57125079,-9.57125078,-9.57124982,-9.57120491,-9.57006923,-9.55447967,-9.43772566,-8.92690019
-9.57125079,-9.57125078,-9.57124974,-9.57120154,-9.5699976,-9.55367124,-9.43285177,-8.90859441
-9.57125079,-9.57125078,-9.57124965,-9.57119793,-9.56992195,-9.55282813,-9.42783,-8.88982983
-9.57125079,-9.57125078,-9.57124955,-9.57119408,-9.56984207,-9.55194905,-9.42265694,-8.87059569
-9.57125079,-9.57125078,-9.57124944,-9.57118996,-9.56975775,-9.5510327,-9.41732914,-8.85088111
-9.57125079,-9.57125078,-9.57124933,-9.57118555,-9.56966875,-9.55007776,-9.41184309,-8.83067505
-9.57125079,-9.57125078,-9.5712492,-9.57118084,-9.56957485,-9.54908283,-9.40619521,-8.80996637
-9.57125079,-9.57125077,-9.57124906,-9.57117581,-9.56947579,-9.54804652,-9.40038189,-8.78874388
-9.57125079,-9.57125077,-9.57124892,-9.57117044,-9.56937133,-9.54696736,-9.39439942,-8.76699628
-9.57125079,-9.57125077,-9.57124876,-9.57116471,-9.56926119,-9.54584388,-9.38824407,-8.74471226
-9.57125079,-9.57125077,-9.57124859,-9.57115859,-9.56914509,-9.54467455,-9.38191201,-8.72188051
-9.57125079,-9.57125076,-9.5712484,-9.57115205,-9.56902276,-9.5434578,-9.37539934,-8.69848973
-9.57125079,-9.57125076,-9.5712482,-9.57114508,-9.56889387,-9.54219203,-9.3687021,-8.67452867
-9.57125079,-9.57125076,-9.57124799,-9.57113765,-9.56875812,-9.5408756,-9.36181627,-8.64998617
-9.57125079,-9.57125075,-9.57124775,-9.57112972,-9.56861518,-9.53950681,-9.3547377,-8.62485121
-9.57125079,-9.57125075,-9.5712475,-9.57112126,-9.56846469,-9.53808396,-9.34746221,-8.59911293
-9.57125079,-9.57125075,-9.57124723,-9.57111225,-9.56830632,-9.53660527,-9.3399855,-8.57276065
-9.57125079,-9.57125074,-9.57124693,-9.57110265,-9.56813968,-9.53506893,-9.33230319,-8.54578395
-9.57125079,-9.57125074,-9.57124662,-9.57109242,-9.56796438,-9.53347311,-9.32441079,-8.5181727
-9.57125079,-9.57125073,-9.57124627,-9.57108153,-9.56778003,-9.53181591,-9.31630372,-8.4899171
-9.57125079,-9.57125072,-9.57124591,-9.57106993,-9.56758621,-9.53009541,-9.30797729,-8.46100774
-9.57125079,-9.57125072,-9.57124551,-9.57105758,-9.56738247,-9.52830963,-9.29942671,-8.4314356
-9.57125079,-9.57125071,-9.57124508,-9.57104444,-9.56716837,-9.52645655,-9.29064704,-8.40119217
-9.57125079,-9.5712507,-9.57124462,-9.57103046,-9.56694344,-9.52453413,-9.28163325,-8.37026946
-9.57125079,-9.57125069,-9.57124412,-9.57101558,-9.56670719,-9.52254026,-9.27238015,-8.33866004
-9.57125079,-9.57125068,-9.57124359,-9.57099977,-9.56645911,-9.5204728,-9.26288245,-8.30635711
-9.57125079,-9.57125067,-9.57124301,-9.57098295,-9.56619868,-9.51832957,-9.25313468,-8.27335455
-9.57125079,-9.57125066,-9.57124239,-9.57096508,-9.56592534,-9.51610835,-9.24313124,-8.23964697
-9.57125079,-9.57125065,-9.57124172,-9.57094608,-9.56563854,-9.51380685,-9.23286638,-8.20522974
-9.57125079,-9.57125063,-9.571241,-9.57092591,-9.56533769,-9.51142278,-9.22233419,-8.17009907
-9.57125079,-9.57125062,-9.57124023,-9.57090448,-9.56502217,-9.50895377,-9.21152856,-8.13425205
-9.57125079,-9.5712506,-9.5712394,-9.57088172,-9.56469136,-9.50639742,-9.20044325,-8.09768667
-9.57125079,-9.57125059,-9.5712385,-9.57085756,-9.5643446,-9.5037513,-9.18907181,-8.06040192
-9.57125079,-9.57125057,-9.57123754,-9.57083193,-9.56398122,-9.50101292,-9.17740762,-8.02239777
-9.57125079,-9.57125055,-9.57123651,-9.57080473,-9.56360051,-9.49817975,-9.16544385,-7.98367527
-9.57125079,-9.57125052,-9.5712354,-9.57077587,-9.56320175,-9.49524921,-9.15317348,-7.94423656
-9.57125079,-9.5712505,-9.57123421,-9.57074527,-9.5627842,-9.49221871,-9.1405893,-7.90408491
-9.57125079,-9.57125047,-9.57123293,-9.57071283,-9.56234707,-9.48908557,-9.12768386,-7.86322476
-9.57125079,-9.57125044,-9.57123156,-9.57067845,-9.56188956,-9.48584709,-9.11444953,-7.82166176
-9.57125079,-9.57125041,-9.57123009,-9.57064201,-9.56141084,-9.48250054,-9.10087844,-7.77940277
-9.57125079,-9.57125038,-9.57122851,-9.57060341,-9.56091006,-9.47904311,-9.08696251,-7.73645591
-9.57125079,-9.57125034,-9.57122681,-9.57056252,-9.56038634,-9.47547199,-9.07269344,-7.69283057
-9.57125079,-9.5712503,-9.57122499,-9.57051923,-9.55983876,-9.47178428,-9.0580627,-7.64853743
-9.57125079,-9.57125025,-9.57122304,-9.5704734,-9.55926637,-9.46797708,-9.04306154,-7.60358847
-9.57125079,-9.57125021,-9.57122096,-9.57042489,-9.55866821,-9.46404741,-9.02768099,-7.55799698
-9.57125079,-9.57125016,-9.57121872,-9.57037358,-9.55804328,-9.45999226,-9.01191184,-7.51177754
-9.57125079,-9.5712501,-9.57121632,-9.57031929,-9.55739053,-9.45580857,-8.99574469,-7.46494607
-9.57125079,-9.57125004,-9.57121375,-9.57026188,-9.55670891,-9.45149324,-8.97916989,-7.41751975
-9.57125079,-9.57124997,-9.571211,-9.57020118,-9.55599732,-9.44704312,-8.9621776,-7.36951708
-9.57125078,-9.5712499,-9.57120806,-9.57013703,-9.55525463,-9.44245501,-8.94475778,-7.3209578
-9.57125078,-9.57124982,-9.57120491,-9.57006923,-9.55447967,-9.43772566,-8.92690019,-7.27186291
-9.57125078,-9.57124974,-9.57120154,-9.5699976,-9.55367124,-9.43285177,-8.90859441,-7.22225462
-9.57125078,-9.57124965,-9.57119793,-9.56992195,-9.55282813,-9.42783,-8.88982983,-7.17215634
-9.57125078,-9.57124955,-9.57119408,-9.56984207,-9.55194905,-9.42265694,-8.87059569,-7.12159259
-9.57125078,-9.57124944,-9.57118996,-9.56975775,-9.5510327,-9.41732914,-8.85088111,-7.07058902
-9.57125078,-9.57124933,-9.57118555,-9.56966875,-9.55007776,-9.41184309,-8.83067505,-7.01917232
-9.57125078,-9.5712492,-9.57118084,-9.56957484,-9.54908283,-9.40619521,-8.80996637,-6.96737018
-9.57125077,-9.57124906,-9.57117581,-9.56947579,-9.54804652,-9.40038189,-8.78874388,-6.91521123
-9.57125077,-9.57124892,-9.57117044,-9.56937133,-9.54696736,-9.39439942,-8.76699628,-6.86272499
-9.57125077,-9.57124876,-9.57116471,-9.56926119,-9.54584388,-9.38824407,-8.74471226,-6.80994178
-9.57125077,-9.57124859,-9.57115859,-9.56914509,-9.54467455,-9.38191201,-8.72188051,-6.75689266
-9.57125076,-9.5712484,-9.57115205,-9.56902276,-9.5434578,-9.37539934,-8.69848973,-6.70360937
-9.57125076,-9.5712482,-9.57114508,-9.56889387,-9.54219203,-9.3687021,-8.67452867,-6.65012424
-9.57125076,-9.57124799,-9.57113765,-9.56875812,-9.5408756,-9.36181627,-8.64998617,-6.59647011
-9.57125075,-9.57124775,-9.57112972,-9.56861518,-9.53950681,-9.3547377,-8.62485121,-6.54268027
-9.57125075,-9.5712475,-9.57112126,-9.56846469,-9.53808396,-9.34746221,-8.59911293,-6.48878832
-9.57125074,-9.57124723,-9.57111225,-9.56830632,-9.53660527,-9.3399855,-8.57276065,-6.43482817
-9.57125074,-9.57124693,-9.57110265,-9.56813968,-9.53506893,-9.33230319,-8.54578395,-6.38083386
-9.57125073,-9.57124662,-9.57109242,-9.56796438,-9.53347311,-9.32441079,-8.5181727,-6.38083386
-9.57125073,-9.57124627,-9.57108153,-9.56778003,-9.53181591,-9.31630372,-8.4899171,-6.38083386
-9.57125072,-9.57124591,-9.57106993,-9.56758621,-9.53009541,-9.30797729,-8.46100773,-6.38083386
-9.57125072,-9.57124551,-9.57105758,-9.56738247,-9.52830963,-9.29942671,-8.4314356,-6.38083386
-9.57125071,-9.57124508,-9.57104444,-9.56716837,-9.52645655,-9.29064704,-8.40119217,-6.38083386
-9.5712507,-9.57124462,-9.57103046,-9.56694344,-9.52453413,-9.28163325,-8.37026946,-6.38083386
-9.57125069,-9.57124412,-9.57101558,-9.56670719,-9.52254026,-9.27238015,-8.33866004,-6.38083386
-9.57125068,-9.57124358,-9.57099977,-9.56645911,-9.5204728,-9.26288244,-8.30635711,-6.38083386
-9.57125067,-9.57124301,-9.57098295,-9.56619868,-9.51832957,-9.25313467,-8.27335455,-6.38083386
-9.57125066,-9.57124239,-9.57096508,-9.56592534,-9.51610835,-9.24313124,-8.23964697,-6.38083386
-9.57125065,-9.57124172,-9.57094608,-9.56563854,-9.51380685,-9.23286638,-8.20522974,-6.38083386
-9.57125063,-9.571241,-9.5709259,-9.56533769,-9.51142278,-9.22233418,-8.17009907,-6.38083386
-9.57125062,-9.57124023,-9.57090447,-9.56502217,-9.50895376,-9.21152856,-8.13425205,-6.38083386
-9.5712506,-9.5712394,-9.57088172,-9.56469136,-9.50639742,-9.20044325,-8.09768667,-6.38083386
-9.57125058,-9.5712385,-9.57085756,-9.5643446,-9.5037513,-9.18907181,-8.06040191,-6.38083386
-9.57125056,-9.57123754,-9.57083192,-9.56398122,-9.50101291,-9.17740762,-8.02239776,-6.38083386
-9.57125054,-9.57123651,-9.57080472,-9.56360051,-9.49817974,-9.16544385,-7.98367527,-6.38083386
-9.57125052,-9.5712354,-9.57077587,-9.56320175,-9.49524921,-9.15317348,-7.94423656,-6.38083386
-9.5712505,-9.57123421,-9.57074527,-9.5627842,-9.4922187,-9.14058929,-7.90408491,-6.38083386
-9.57125047,-9.57123293,-9.57071283,-9.56234706,-9.48908556,-9.12768386,-7.86322476,-6.38083386
-9.57125044,-9.57123156,-9.57067844,-9.56188955,-9.48584709,-9.11444952,-7.82166176,-6.38083386
-9.57125041,-9.57123008,-9.57064201,-9.56141084,-9.48250053,-9.10087843,-7.77940277,-6.38083386
-9.57125037,-9.5712285,-9.5706034,-9.56091006,-9.47904311,-9.08696251,-7.7364559,-6.38083386
-9.57125033,-9.57122681,-9.57056252,-9.56038634,-9.47547198,-9.07269344,-7.69283056,-6.38083386
-9.57125029,-9.57122499,-9.57051922,-9.55983875,-9.47178428,-9.0580627,-7.64853742,-6.38083386
-9.57125025,-9.57122304,-9.57047339,-9.55926636,-9.46797707,-9.04306154,-7.60358846,-6.38083386
-9.5712502,-9.57122095,-9.57042489,-9.55866821,-9.4640474,-9.02768098,-7.55799697,-6.38083386
-9.57125015,-9.57121871,-9.57037357,-9.55804327,-9.45999225,-9.01191184,-7.51177754,-6.38083386
-9.57125009,-9.57121631,-9.57031928,-9.55739052,-9.45580856,-8.99574468,-7.46494606,-6.38083386
-9.57125003,-9.57121374,-9.57026187,-9.5567089,-9.45149323,-8.97916988,-7.41751974,-6.38083385
-9.57124996,-9.57121099,-9.57020117,-9.55599731,-9.44704311,-8.96217759,-7.36951707,-6.38083385
-9.57124989,-9.57120805,-9.57013702,-9.55525462,-9.442455,-8.94475777,-7.32095779,-6.38083385
-9.57124981,-9.5712049,-9.57006922,-9.55447966,-9.43772565,-8.92690018,-7.2718629,-6.38083385
-9.57124973,-9.57120153,-9.56999759,-9.55367123,-9.43285176,-8.9085944,-7.22225461,-6.38083385
-9.57124963,-9.57119792,-9.56992194,-9.55282811,-9.42782999,-8.88982981,-7.17215632,-6.38083385
-9.57124953,-9.57119406,-9.56984206,-9.55194903,-9.42265693,-8.87059568,-7.12159257,-6.38083385
-9.57124942,-9.57118994,-9.56975773,-9.55103269,-9.41732912,-8.85088109,-7.070589,-6.38083385
-9.57124931,-9.57118553,-9.56966873,-9.55007774,-9.41184307,-8.83067503,-7.0191723,-6.38083385
-9.57124918,-9.57118082,-9.56957483,-9.54908281,-9.40619519,-8.80996635,-6.96737016,-6.38083384
-9.57124904,-9.57117579,-9.56947577,-9.5480465,-9.40038186,-8.78874386,-6.91521121,-6.38083384
-9.57124889,-9.57117042,-9.5693713,-9.54696734,-9.3943994,-8.76699625,-6.86272497,-6.38083384
-9.57124873,-9.57116468,-9.56926116,-9.54584386,-9.38824405,-8.74471224,-6.80994175,-6.38083384
-9.57124856,-9.57115856,-9.56914507,-9.54467452,-9.38191198,-8.72188048,-6.75689263,-6.38083383
-9.57124837,-9.57115202,-9.56902272,-9.54345777,-9.37539931,-8.6984897,-6.70360934,-6.38083383
-9.57124817,-9.57114505,-9.56889384,-9.542192,-9.36870207,-8.67452863,-6.65012421,-6.38083383
-9.57124795,-9.57113761,-9.56875808,-9.54087556,-9.36181623,-8.64998613,-6.59647008,-6.38083383
-9.57124771,-9.57112968,-9.56861513,-9.53950677,-9.35473766,-8.62485117,-6.54268023,-6.38083382
-9.57124745,-9.57112122,-9.56846465,-9.53808391,-9.34746217,-8.59911288,-6.48878828,-6.38083382
-9.57124718,-9.5711122,-9.56830627,-9.53660522,-9.33998545,-8.5727606,-6.43482812,-6.38083381
-9.57124688,-9.5711026,-9.56813962,-9.53506888,-9.33230313,-8.54578389,-6.38083381,-6.38083381
-9.57124656,-9.57109236,-9.56796432,-9.53347305,-9.32441073,-8.51817264,-6.3808338,-6.3808338
-9.57124621,-9.57108146,-9.56777997,-9.53181585,-9.31630365,-8.48991704,-6.3808338,-6.3808338
-9.57124583,-9.57106986,-9.56758613,-9.53009534,-9.30797722,-8.46100766,-6.38083379,-6.38083379
-9.57124543,-9.5710575,-9.56738239,-9.52830955,-9.29942663,-8.43143552,-6.38083378,-6.38083378
-9.57124499,-9.57104435,-9.56716829,-9.52645647,-9.29064695,-8.40119209,-6.38083378,-6.38083378
-9.57124452,-9.57103036,-9.56694335,-9.52453403,-9.28163315,-8.37026936,-6.38083377,-6.38083377
-9.57124402,-9.57101548,-9.56670709,-9.52254016,-9.27238005,-8.33865993,-6.38083376,-6.38083376
-9.57124347,-9.57099965,-9.566459,-9.52047269,-9.26288233,-8.306357,-6.38083375,-6.38083375
-9.57124289,-9.57098283,-9.56619855,-9.51832945,-9.25313455,-8.27335443,-6.38083374,-6.38083374
-9.57124225,-9.57096494,-9.56592521,-9.51610821,-9.24313111,-8.23964683,-6.38083373,-6.38083373
-9.57124157,-9.57094594,-9.5656384,-9.51380671,-9.23286624,-8.20522959,-6.38083372,-6.38083372
-9.57124084,-9.57092575,-9.56533753,-9.51142262,-9.22233403,-8.17009891,-6.3808337,-6.3808337
-9.57124005,-9.5709043,-9.565022,-9.50895359,-9.21152839,-8.13425187,-6.38083369,-6.38083369
-9.5712392,-9.57088153,-9.56469117,-9.50639723,-9.20044306,-8.09768648,-6.38083367,-6.38083367
-9.57123829,-9.57085735,-9.56434439,-9.50375109,-9.18907161,-8.06040171,-6.38083365,-6.38083365
-9.57123731,-9.5708317,-9.56398099,-9.50101269,-9.17740739,-8.02239754,-6.38083364,-6.38083364
-9.57123626,-9.57080448,-9.56360026,-9.4981795,-9.1654436,-7.98367502,-6.38083361,-6.38083361
-9.57123513,-9.5707756,-9.56320148,-9.49524894,-9.15317321,-7.94423629,-6.38083359,-6.38083359
-9.57123391,-9.57074498,-9.5627839,-9.49221841,-9.140589,-7.90408461,-6.38083357,-6.38083357
-9.57123261,-9.57071251,-9.56234674,-9.48908524,-9.12768354,-7.86322444,-6.38083354,-6.38083354
-9.5712312,-9.57067809,-9.56188921,-9.48584674,-9.11444918,-7.82166141,-6.38083351,-6.38083351
-9.5712297,-9.57064163,-9.56141046,-9.48250015,-9.10087805,-7.77940239,-6.38083348,-6.38083348
-9.57122808,-9.57060299,-9.56090965,-9.4790427,-9.08696209,-7.73645549,-6.38083345,-6.38083345
-9.57122635,-9.57056207,-9.56038588,-9.47547153,-9.07269298,-7.69283011,-6.38083341,-6.38083341
-9.57122449,-9.57051873,-9.55983826,-9.47178379,-9.05806221,-7.64853693,-6.38083337,-6.38083337
-9.5712225,-9.57047286,-9.55926583,-9.46797654,-9.043061,-7.60358793,-6.38083332,-6.38083332
-9.57122036,-9.57042431,-9.55866762,-9.46404682,-9.0276804,-7.55799639,-6.38083328,-6.38083328
-9.57121807,-9.57037294,-9.55804264,-9.45999162,-9.0119112,-7.5117769,-6.38083322,-6.38083322
-9.57121562,-9.57031859,-9.55738984,-9.45580787,-8.99574399,-7.46494537,-6.38083317,-6.38083317
-9.57121299,-9.57026112,-9.55670815,-9.45149248,-8.97916913,-7.41751899,-6.38083311,-6.38083311
-9.57121017,-9.57020036,-9.5559965,-9.4470423,-8.96217678,-7.36951625,-6.38083304,-6.38083304
-9.57120715,-9.57013613,-9.55525373,-9.44245412,-8.94475689,-7.3209569,-6.38083297,-6.38083297
-9.57120392,-9.57006826,-9.55447869,-9.43772469,-8.92689922,-7.27186193,-6.38083289,-6.38083289
-9.57120047,-9.56999655,-9.55367019,-9.43285072,-8.90859335,-7.22225357,-6.38083281,-6.38083281
-9.57119677,-9.56992081,-9.55282698,-9.42782885,-8.88982868,-7.17215519,-6.38083272,-6.38083272
-9.57119282,-9.56984083,-9.5519478,-9.42265569,-8.87059445,-7.12159134,-6.38083262,-6.38083262
-9.57118859,-9.56975639,-9.55103135,-9.41732779,-8.85087975,-7.07058766,-6.38083251,-6.38083251
-9.57118406,-9.56966728,-9.55007629,-9.41184162,-8.83067358,-7.01917085,-6.38083239,-6.38083239
-9.57117923,-9.56957325,-9.54908124,-9.40619362,-8.80996478,-6.96736859,-6.38083227,-6.38083227
-9.57117406,-9.56947406,-9.54804479,-9.40038016,-8.78874215,-6.9152095,-6.38083213,-6.38083213
-9.57116854,-9.56936945,-9.54696549,-9.39439755,-8.7669944,-6.86272312,-6.38083199,-6.38083199
-9.57116265,-9.56925915,-9.54584185,-9.38824204,-8.74471023,-6.80993974,-6.38083183,-6.38083183
-9.57115635,-9.56914289,-9.54467235,-9.3819098,-8.72187831,-6.75689045,-6.38083166,-6.38083166
-9.57114963,-9.56902036,-9.54345541,-9.37539695,-8.69848734,-6.70360698,-6.38083147,-6.38083147
-9.57114245,-9.56889128,-9.54218944,-9.36869951,-8.67452607,-6.65012165,-6.38083127,-6.38083127
-9.5711348,-9.56875531,-9.54087279,-9.36181346,-8.64998336,-6.59646731,-6.38083105,-6.38083105
-9.57112663,-9.56861213,-9.53950377,-9.35473466,-8.62484817,-6.54267723,-6.38083082,-6.38083082
-9.57111792,-9.5684614,-9.53808066,-9.34745892,-8.59910963,-6.48878503,-6.38083057,-6.38083057
-9.57110864,-9.56830275,-9.5366017,-9.33998193,-8.57275708,-6.4348246,-6.3808303,-6.3808303
-9.57109874,-9.56813582,-9.53506507,-9.33229933,-8.54578009,-6.38083,-6.38083,-6.38083
-9.57108818,-9.5679602,-9.53346893,-9.32440661,-8.51816852,-6.38082969,-6.38082969,-6.38082969
-9.57107694,-9.56777551,-9.53181139,-9.3162992,-8.48991258,-6.38082934,-6.38082934,-6.38082934
-9.57106497,-9.56758132,-9.53009052,-9.30797241,-8.46100285,-6.38082897,-6.38082897,-6.38082897
-9.57105222,-9.56737718,-9.52830434,-9.29942142,-8.43143031,-6.38082858,-6.38082858,-6.38082858
-9.57103864,-9.56716266,-9.52645084,-9.29064133,-8.40118646,-6.38082815,-6.38082815,-6.38082815
-9.57102419,-9.56693727,-9.52452795,-9.28162707,-8.37026328,-6.38082769,-6.38082769,-6.38082769
-9.57100881,-9.56670052,-9.52253359,-9.27237348,-8.33865336,-6.38082719,-6.38082719,-6.38082719
-9.57099244,-9.5664519,-9.52046559,-9.26287524,-8.3063499,-6.38082665,-6.38082665,-6.38082665
-9.57097504,-9.56619089,-9.51832179,-9.25312689,-8.27334676,-6.38082608,-6.38082608,-6.38082608
-9.57095654,-9.56591694,-9.51609994,-9.24312283,-8.23963856,-6.38082546,-6.38082546,-6.38082546
-9.57093686,-9.56562947,-9.51379778,-9.23285731,-8.20522066,-6.38082479,-6.38082479,-6.38082479
-9.57091595,-9.56532789,-9.51141298,-9.22232439,-8.17008928,-6.38082407,-6.38082407,-6.38082407
-9.57089373,-9.5650116,-9.5089432,-9.211518,-8.13424148,-6.3808233,-6.3808233,-6.3808233
-9.57087013,-9.56467996,-9.50638602,-9.20043185,-8.09767527,-6.38082247,-6.38082247,-6.38082247
-9.57084506,-9.56433231,-9.50373901,-9.18905952,-8.06038962,-6.38082157,-6.38082157,-6.38082157
-9.57081845,-9.56396796,-9.50099967,-9.17739437,-8.02238451,-6.38082061,-6.38082061,-6.38082061
-9.57079019,-9.56358623,-9.49816546,-9.16542957,-7.98366098,-6.38081958,-6.38081958,-6.38081958
-9.57076021,-9.56318636,-9.49523382,-9.15315809,-7.94422116,-6.38081847,-6.38081847,-6.38081847
-9.57072839,-9.56276761,-9.49220212,-9.14057271,-7.90406833,-6.38081728,-6.38081728,-6.38081728
-9.57069465,-9.5623292,-9.4890677,-9.127666,-7.8632069,-6.380816,-6.380816,-6.380816
-9.57065886,-9.56187032,-9.48582786,-9.11443029,-7.82164253,-6.38081463,-6.38081463,-6.38081463
-9.57062092,-9.56139013,-9.48247983,-9.10085773,-7.77938206,-6.38081316,-6.38081316,-6.38081316
-9.5705807,-9.56088777,-9.47902082,-9.08694022,-7.73643362,-6.38081157,-6.38081157,-6.38081157
-9.57053808,-9.56036235,-9.475448,-9.07266946,-7.69280658,-6.38080988,-6.38080988,-6.38080988
-9.57049293,-9.55981295,-9.47175848,-9.0580369,-7.64851163,-6.38080806,-6.38080806,-6.38080806
-9.57044511,-9.55923861,-9.46794933,-9.04303379,-7.60356072,-6.38080611,-6.38080611,-6.38080611
-9.57039447,-9.55863837,-9.46401757,-9.02765115,-7.55796714,-6.38080402,-6.38080402,-6.38080402
-9.57034086,-9.55801119,-9.45996018,-9.01187977,-7.51174546,-6.38080179,-6.38080179,-6.38080179
-9.57028412,-9.55735605,-9.45577409,-8.99571021,-7.46491159,-6.38079939,-6.38079939,-6.38079939
-9.57022408,-9.55667186,-9.4514562,-8.97913284,-7.41748271,-6.38079682,-6.38079682,-6.38079682
-9.57016057,-9.55595752,-9.44700333,-8.96213781,-7.36947728,-6.38079407,-6.38079407,-6.38079407
-9.57009339,-9.55521188,-9.44241227,-8.94471505,-7.32091506,-6.38079113,-6.38079113,-6.38079113
-9.57002237,-9.55443377,-9.43767977,-8.92685431,-7.27181702,-6.38078798,-6.38078798,-6.38078798
-9.56994729,-9.55362197,-9.43280252,-8.90854515,-7.22220536,-6.38078461,-6.38078461,-6.38078461
-9.56986794,-9.55277525,-9.42777714,-8.88977696,-7.17210347,-6.380781,-6.380781,-6.380781
-9.56978411,-9.55189231,-9.42260022,-8.87053897,-7.12153587,-6.38077715,-6.38077715,-6.38077715
-9.56969555,-9.55097185,-9.4172683,-8.85082027,-7.07052818,-6.38077302,-6.38077302,-6.38077302
-9.56960204,-9.55001249,-9.41177784,-8.8306098,-7.01910707,-6.38076862,-6.38076862,-6.38076862
-9.5695033,-9.54901286,-9.40612526,-8.80989642,-6.96730023,-6.38076391,-6.38076391,-6.38076391
-9.56939908,-9.54797152,-9.40030691,-8.7886689,-6.91513625,-6.38075888,-6.38075888,-6.38075888
-9.5692891,-9.54688699,-9.39431907,-8.76691593,-6.86264464,-6.38075351,-6.38075351,-6.38075351
-9.56917306,-9.54575777,-9.38815798,-8.74462618,-6.80985569,-6.38074778,-6.38074778,-6.38074778
-9.56905068,-9.54458232,-9.3818198,-8.7217883,-6.75680045,-6.38074165,-6.38074165,-6.38074165
-9.56892162,-9.54335903,-9.3753006,-8.69839099,-6.70351063,-6.38073512,-6.38073512,-6.38073512
-9.56878556,-9.54208629,-9.36859639,-8.67442295,-6.65001853,-6.38072815,-6.38072815,-6.38072815
-9.56864216,-9.54076241,-9.36170312,-8.64987302,-6.59635697,-6.38072071,-6.38072071,-6.38072071
-9.56849106,-9.5393857,-9.35461663,-8.62473014,-6.54255919,-6.38071279,-6.38071279,-6.38071279
-9.56833187,-9.53795438,-9.34733268,-8.5989834,-6.48865879,-6.38070433,-6.38070433,-6.38070433
-9.56816421,-9.53646668,-9.33984696,-8.5726221,-6.43468963,-6.38069532,-6.38069532,-6.38069532
-9.56798767,-9.53492074,-9.33215504,-8.54563581,-6.38068572,-6.38068572,-6.38068572,-6.38068572
-9.56780183,-9.53331468,-9.32425241,-8.51801433,-6.38067549,-6.38067549,-6.38067549,-6.38067549
-9.56760625,-9.53164658,-9.31613445,-8.48974784,-6.3806646,-6.3806646,-6.3806646,-6.3806646
-9.56740045,-9.52991447,-9.30779643,-8.46082687,-6.380653,-6.380653,-6.380653,-6.380653
-9.56718397,-9.52811633,-9.29923349,-8.43124238,-6.38064065,-6.38064065,-6.38064065,-6.38064065
-9.5669563,-9.52625011,-9.29044068,-8.40098582,-6.38062751,-6.38062751,-6.38062751,-6.38062751
-9.56671693,-9.5243137,-9.28141291,-8.37004912,-6.38061352,-6.38061352,-6.38061352,-6.38061352
-9.56646531,-9.52230494,-9.27214494,-8.33842482,-6.38059865,-6.38059865,-6.38059865,-6.38059865
-9.56620087,-9.52022166,-9.26263142,-8.30610608,-6.38058283,-6.38058283,-6.38058283,-6.38058283
-9.56592305,-9.51806161,-9.25286683,-8.27308671,-6.38056602,-6.38056602,-6.38056602,-6.38056602
-9.56563122,-9.51582249,-9.24284552,-8.23936125,-6.38054814,-6.38054814,-6.38054814,-6.38054814
-9.56532476,-9.51350199,-9.23256167,-8.20492503,-6.38052915,-6.38052915,-6.38052915,-6.38052915
-9.56500301,-9.51109773,-9.2220093,-8.16977418,-6.38050897,-6.38050897,-6.38050897,-6.38050897
-9.56466528,-9.50860727,-9.21118224,-8.13390573,-6.38048754,-6.38048754,-6.38048754,-6.38048754
-9.56431089,-9.50602815,-9.20007418,-8.0973176,-6.38046479,-6.38046479,-6.38046479,-6.38046479
-9.56393908,-9.50335786,-9.18867858,-8.06000868,-6.38044063,-6.38044063,-6.38044063,-6.38044063
-9.5635491,-9.50059382,-9.17698875,-8.0219789,-6.380415,-6.380415,-6.380415,-6.380415
-9.56314016,-9.49773343,-9.16499778,-7.9832292,-6.38038779,-6.38038779,-6.38038779,-6.38038779
-9.56271144,-9.49477402,-9.15269856,-7.94376164,-6.38035894,-6.38035894,-6.38035894,-6.38035894
-9.56226209,-9.49171289,-9.14008377,-7.90357939,-6.38032834,-6.38032834,-6.38032834,-6.38032834
-9.56179124,-9.48854728,-9.12714589,-7.8626868,-6.3802959,-6.3802959,-6.3802959,-6.3802959
-9.56129797,-9.48527439,-9.11387718,-7.82108941,-6.38026152,-6.38026152,-6.38026152,-6.38026152
-9.56078135,-9.48189137,-9.10026965,-7.77879398,-6.38022508,-6.38022508,-6.38022508,-6.38022508
-9.56024039,-9.47839531,-9.08631512,-7.73580852,-6.38018647,-6.38018647,-6.38018647,-6.38018647
-9.55967408,-9.47478326,-9.07200516,-7.69214229,-6.38014559,-6.38014559,-6.38014559,-6.38014559
-9.55908139,-9.47105222,-9.05733113,-7.64780586,-6.3801023,-6.3801023,-6.3801023,-6.3801023
-9.55846122,-9.46719914,-9.04228414,-7.60281107,-6.38005647,-6.38005647,-6.38005647,-6.38005647
-9.55781247,-9.46322092,-9.02685508,-7.55717108,-6.38000796,-6.38000796,-6.38000796,-6.38000796
-9.55713398,-9.4591144,-9.01103462,-7.51090032,-6.37995664,-6.37995664,-6.37995664,-6.37995664
-9.55642455,-9.45487637,-8.99481317,-7.46401456,-6.37990236,-6.37990236,-6.37990236,-6.37990236
-9.55568295,-9.45050357,-8.97818096,-7.41653083,-6.37984495,-6.37984495,-6.37984495,-6.37984495
-9.55490791,-9.44599269,-8.96112798,-7.36846746,-6.37978425,-6.37978425,-6.37978425,-6.37978425
-9.55409812,-9.44134035,-8.943644,-7.31984403,-6.37972009,-6.37972009,-6.37972009,-6.37972009
-9.55325221,-9.43654312,-8.92571862,-7.27068134,-6.3796523,-6.3796523,-6.3796523,-6.3796523
-9.5523688,-9.43159753,-8.9073412,-7.22100143,-6.37958067,-6.37958067,-6.37958067,-6.37958067
-9.55144642,-9.42650001,-8.88850097,-7.1708275,-6.37950502,-6.37950502,-6.37950502,-6.37950502
-9.55048361,-9.42124697,-8.86918696,-7.12018387,-6.37942514,-6.37942514,-6.37942514,-6.37942514
-9.54947882,-9.41583474,-8.84938804,-7.06909597,-6.37934082,-6.37934082,-6.37934082,-6.37934082
-9.54843047,-9.41025957,-8.82909298,-7.01759027,-6.37925182,-6.37925182,-6.37925182,-6.37925182
-9.54733693,-9.40451767,-8.8082904,-6.96569423,-6.37915791,-6.37915791,-6.37915791,-6.37915791
-9.54619653,-9.39860515,-8.78696885,-6.91343623,-6.37905886,-6.37905886,-6.37905886,-6.37905886
-9.54500754,-9.39251808,-8.76511679,-6.86084552,-6.37895439,-6.37895439,-6.37895439,-6.37895439
-9.54376819,-9.38625243,-8.74272263,-6.80795217,-6.37884426,-6.37884426,-6.37884426,-6.37884426
-9.54247664,-9.3798041,-8.71977478,-6.75478696,-6.37872816,-6.37872816,-6.37872816,-6.37872816
-9.54113102,-9.37316891,-8.69626166,-6.70138133,-6.37860582,-6.37860582,-6.37860582,-6.37860582
-9.5397294,-9.36634259,-8.67217171,-6.64776732,-6.37847694,-6.37847694,-6.37847694,-6.37847694
-9.53826977,-9.35932078,-8.64749346,-6.59397744,-6.37834119,-6.37834119,-6.37834119,-6.37834119
-9.53675012,-9.35209904,-8.62221555,-6.54004465,-6.37819824,-6.37819824,-6.37819824,-6.37819824
-9.53516833,-9.34467282,-8.59632678,-6.48600222,-6.37804776,-6.37804776,-6.37804776,-6.37804776
-9.53352225,-9.33703746,-8.56981612,-6.43188369,-6.37788939,-6.37788939,-6.37788939,-6.37788939
-9.53180967,-9.32918821,-8.54267278,-6.37772275,-6.37772275,-6.37772275,-6.37772275,-6.37772275
-9.53002833,-9.3211202,-8.51488623,-6.37754745,-6.37754745,-6.37754745,-6.37754745,-6.37754745
-9.52817588,-9.31282844,-8.48644628,-6.3773631,-6.3773631,-6.3773631,-6.3773631,-6.3773631
-9.52624995,-9.30430782,-8.45734308,-6.37716927,-6.37716928,-6.37716928,-6.37716928,-6.37716928
-9.52424809,-9.2955531,-8.4275672,-6.37696554,-6.37696554,-6.37696554,-6.37696554,-6.37696554
-9.52216777,-9.2865589,-8.39710966,-6.37675144,-6.37675144,-6.37675144,-6.37675144,-6.37675144
-9.52000644,-9.27731972,-8.36596201,-6.37652651,-6.37652651,-6.37652651,-6.37652651,-6.37652651
-9.51776144,-9.26782987,-8.33411633,-6.37629026,-6.37629026,-6.37629026,-6.37629026,-6.37629026
-9.51543009,-9.25808355,-8.30156531,-6.37604218,-6.37604218,-6.37604218,-6.37604218,-6.37604218
-9.51300961,-9.24807477,-8.26830231,-6.37578174,-6.37578175,-6.37578175,-6.37578175,-6.37578175
-9.51049718,-9.23779738,-8.23432138,-6.37550841,-6.37550841,-6.37550841,-6.37550841,-6.37550841
-9.50788989,-9.22724506,-8.19961734,-6.37522161,-6.37522161,-6.37522161,-6.37522161,-6.37522161
-9.50518478,-9.21641129,-8.16418581,-6.37492076,-6.37492076,-6.37492076,-6.37492076,-6.37492076
-9.50237882,-9.20528937,-8.12802325,-6.37460524,-6.37460524,-6.37460524,-6.37460524,-6.37460524
-9.49946891,-9.19387242,-8.09112704,-6.37427443,-6.37427443,-6.37427443,-6.37427443,-6.37427443
-9.49645187,-9.18215333,-8.05349551,-6.37392767,-6.37392767,-6.37392767,-6.37392767,-6.37392767
-9.49332447,-9.17012479,-8.01512796,-6.37356428,-6.37356429,-6.37356429,-6.37356429,-6.37356429
-9.49008339,-9.15777928,-7.97602474,-6.37318358,-6.37318358,-6.37318358,-6.37318358,-6.37318358
-9.48672525,-9.14510905,-7.93618725,-6.37278482,-6.37278482,-6.37278482,-6.37278482,-6.37278482
-9.48324659,-9.13210612,-7.89561802,-6.37236726,-6.37236727,-6.37236727,-6.37236727,-6.37236727
-9.47964388,-9.11876227,-7.85432071,-6.37193013,-6.37193013,-6.37193013,-6.37193013,-6.37193013
-9.47591351,-9.10506905,-7.81230017,-6.37147262,-6.37147263,-6.37147263,-6.37147263,-6.37147263
-9.4720518,-9.09101778,-7.76956243,-6.37099391,-6.37099391,-6.37099391,-6.37099391,-6.37099391
-9.46805499,-9.07659949,-7.72611476,-6.37049313,-6.37049313,-6.37049313,-6.37049313,-6.37049313
-9.46391926,-9.061805,-7.68196566,-6.3699694,-6.36996941,-6.36996941,-6.36996941,-6.36996941
-9.45964068,-9.04662486,-7.63712489,-6.36942182,-6.36942182,-6.36942182,-6.36942182,-6.36942182
-9.45521526,-9.03104937,-7.59160351,-6.36884943,-6.36884944,-6.36884944,-6.36884944,-6.36884944
-9.45063892,-9.01506857,-7.54541381,-6.36825127,-6.36825128,-6.36825128,-6.36825128,-6.36825128
-9.44590752,-8.99867225,-7.49856938,-6.36762634,-6.36762634,-6.36762634,-6.36762634,-6.36762634
-9.4410168,-8.98184995,-7.45108511,-6.36697359,-6.3669736,-6.3669736,-6.3669736,-6.3669736
-9.43596244,-8.96459096,-7.40297711,-6.36629197,-6.36629198,-6.36629198,-6.36629198,-6.36629198
-9.43074003,-8.94688433,-7.35426278,-6.36558038,-6.36558039,-6.36558039,-6.36558039,-6.36558039
-9.42534507,-8.92871888,-7.30496073,-6.36483768,-6.36483769,-6.36483769,-6.36483769,-6.36483769
-9.41977296,-8.91008318,-7.25509081,-6.36406272,-6.36406273,-6.36406273,-6.36406273,-6.36406273
-9.41401903,-8.8909656,-7.20467401,-6.3632543,-6.36325431,-6.36325431,-6.36325431,-6.36325431
-9.40807849,-8.87135429,-7.15373252,-6.36241118,-6.36241119,-6.36241119,-6.36241119,-6.36241119
-9.40194647,-8.85123723,-7.10228959,-6.3615321,-6.36153211,-6.36153211,-6.36153211,-6.36153211
-9.395618,-8.83060218,-7.05036957,-6.36061575,-6.36061577,-6.36061577,-6.36061577,-6.36061577
-9.389088,-8.80943676,-6.99799781,-6.35966081,-6.35966082,-6.35966082,-6.35966082,-6.35966082
-9.3823513,-8.78772846,-6.94520062,-6.35866588,-6.3586659,-6.3586659,-6.3586659,-6.3586659
-9.3754026,-8.76546462,-6.89200523,-6.35762956,-6.35762959,-6.35762959,-6.35762959,-6.35762959
-9.36823652,-8.7426325,-6.83843969,-6.35655041,-6.35655043,-6.35655043,-6.35655043,-6.35655043
-9.36084755,-8.71921927,-6.78453283,-6.35542693,-6.35542695,-6.35542695,-6.35542695,-6.35542695
-9.35323006,-8.69521206,-6.73031421,-6.35425759,-6.35425762,-6.35425762,-6.35425762,-6.35425762
-9.34537831,-8.67059799,-6.67581399,-6.35304084,-6.35304087,-6.35304087,-6.35304087,-6.35304087
-9.33728642,-8.64536419,-6.62106289,-6.35177507,-6.3517751,-6.3517751,-6.3517751,-6.3517751
-9.32894839,-8.61949783,-6.56609211,-6.35045863,-6.35045867,-6.35045867,-6.35045867,-6.35045867
-9.3203581,-8.59298616,-6.51093324,-6.34908984,-6.34908988,-6.34908988,-6.34908988,-6.34908988
-9.31150928,-8.56581656,-6.45561819,-6.34766698,-6.34766703,-6.34766703,-6.34766703,-6.34766703
-9.3023955,-8.53797658,-6.40017907,-6.34618829,-6.34618834,-6.34618834,-6.34618834,-6.34618834
-9.29301021,-8.50945394,-6.34464814,-6.34465195,-6.344652,-6.344652,-6.344652,-6.344652
-9.28334669,-8.48023665,-6.343052,-6.34305612,-6.34305618,-6.34305618,-6.34305618,-6.34305618
-9.27339807,-8.45031296,-6.34139446,-6.34139892,-6.34139898,-6.34139898,-6.34139898,-6.34139898
-9.26315732,-8.41967148,-6.33967359,-6.33967841,-6.33967848,-6.33967848,-6.33967848,-6.33967848
-9.25261721,-8.38830121,-6.33788741,-6.33789262,-6.33789269,-6.33789269,-6.33789269,-6.33789269
-9.24177037,-8.35619157,-6.3360339,-6.33603953,-6.33603962,-6.33603962,-6.33603962,-6.33603962
-9.23060923,-8.32333245,-6.33411102,-6.3341171,-6.3341172,-6.3341172,-6.3341172,-6.3341172
-9.21912601,-8.28971429,-6.33211665,-6.33212322,-6.33212333,-6.33212333,-6.33212333,-6.33212333
-9.20731277,-8.25532809,-6.33004866,-6.33005576,-6.33005587,-6.33005587,-6.33005587,-6.33005587
-9.19516134,-8.22016548,-6.32790486,-6.32791252,-6.32791264,-6.32791264,-6.32791264,-6.32791264
-9.18266334,-8.1842188,-6.32568301,-6.32569128,-6.32569141,-6.32569142,-6.32569142,-6.32569142
-9.16981019,-8.14748109,-6.32338085,-6.32338977,-6.32338992,-6.32338992,-6.32338992,-6.32338992
-9.15659306,-8.10994617,-6.32099605,-6.32100568,-6.32100584,-6.32100585,-6.32100585,-6.32100585
-9.14300291,-8.0716087,-6.31852627,-6.31853666,-6.31853683,-6.31853683,-6.31853683,-6.31853683
-9.12903044,-8.03246422,-6.31596909,-6.3159803,-6.31598049,-6.31598049,-6.31598049,-6.31598049
-9.11466613,-7.99250919,-6.31332208,-6.31333416,-6.31333437,-6.31333437,-6.31333437,-6.31333437
-9.09990017,-7.95174102,-6.31058273,-6.31059576,-6.31059598,-6.31059599,-6.31059599,-6.31059599
-9.08472252,-7.91015815,-6.30774853,-6.30776256,-6.30776281,-6.30776281,-6.30776281,-6.30776281
-9.06912286,-7.86776005,-6.30481689,-6.30483201,-6.30483228,-6.30483228,-6.30483228,-6.30483228
-9.05309061,-7.8245473,-6.30178519,-6.30180148,-6.30180177,-6.30180177,-6.30180177,-6.30180177
-9.0366149,-7.78052157,-6.29865077,-6.29866831,-6.29866863,-6.29866863,-6.29866863,-6.29866863
-9.01968459,-7.73568571,-6.29541092,-6.29542981,-6.29543016,-6.29543016,-6.29543016,-6.29543016
-9.00228823,-7.69004373,-6.2920629,-6.29208322,-6.2920836,-6.29208361,-6.29208361,-6.29208361
-8.9844141,-7.64360084,-6.28860389,-6.28862576,-6.28862618,-6.28862618,-6.28862618,-6.28862618
-8.96605018,-7.59636349,-6.28503107,-6.2850546,-6.28505505,-6.28505506,-6.28505506,-6.28505506
-8.94718415,-7.54833935,-6.28134155,-6.28136686,-6.28136735,-6.28136735,-6.28136735,-6.28136735
-8.9278034,-7.49953736,-6.2775324,-6.27755961,-6.27756014,-6.27756015,-6.27756015,-6.27756015
-8.90789502,-7.44996769,-6.27360064,-6.27362989,-6.27363047,-6.27363048,-6.27363048,-6.27363048
-8.88744579,-7.39964178,-6.26954325,-6.26957469,-6.26957532,-6.26957533,-6.26957533,-6.26957533
-8.8664422,-7.34857234,-6.26535716,-6.26539094,-6.26539163,-6.26539164,-6.26539164,-6.26539164
-8.84487045,-7.29677328,-6.26103927,-6.26107555,-6.2610763,-6.26107631,-6.26107631,-6.26107631
-8.82271645,-7.24425979,-6.2565864,-6.25662537,-6.25662618,-6.25662619,-6.25662619,-6.25662619
-8.79996583,-7.19104824,-6.25199534,-6.25203718,-6.25203807,-6.25203808,-6.25203808,-6.25203808
-8.77660393,-7.13715621,-6.24726284,-6.24730776,-6.24730872,-6.24730873,-6.24730873,-6.24730873
-8.75261583,-7.08260241,-6.24238558,-6.24243378,-6.24243483,-6.24243484,-6.24243484,-6.24243484
-8.72798636,-7.0274067,-6.23736021,-6.23741192,-6.23741306,-6.23741307,-6.23741307,-6.23741307
-8.70270009,-6.97159001,-6.23218329,-6.23223876,-6.23223999,-6.23224001,-6.23224001,-6.23224001
-8.67674136,-6.91517431,-6.22685137,-6.22691085,-6.22691219,-6.22691221,-6.22691221,-6.22691221
-8.6500943,-6.85818256,-6.22136091,-6.22142468,-6.22142614,-6.22142615,-6.22142615,-6.22142615
-8.62274283,-6.80063865,-6.21570833,-6.21577668,-6.21577826,-6.21577828,-6.21577828,-6.21577828
-8.59467069,-6.74256732,-6.20988997,-6.20996322,-6.20996493,-6.20996495,-6.20996495,-6.20996495
-8.56586148,-6.68399415,-6.20390214,-6.20398062,-6.20398247,-6.20398249,-6.20398249,-6.20398249
-8.53629863,-6.62494545,-6.19774105,-6.1978251,-6.19782711,-6.19782714,-6.19782714,-6.19782714
-8.50596548,-6.56544817,-6.19140287,-6.19149287,-6.19149505,-6.19149507,-6.19149507,-6.19149507
-8.47484528,-6.50552987,-6.18488366,-6.18498001,-6.18498238,-6.18498241,-6.18498241,-6.18498241
-8.44292121,-6.44521863,-6.17817946,-6.17828258,-6.17828514,-6.17828517,-6.17828517,-6.17828517
-8.41017645,-6.38454291,-6.17128619,-6.17139653,-6.1713993,-6.17139933,-6.17139933,-6.17139933
-8.37659414,-6.32353156,-6.16419969,-6.16431773,-6.16432073,-6.16432077,-6.16432077,-6.16432077
-8.34215751,-6.26221364,-6.15691575,-6.15704199,-6.15704523,-6.15704528,-6.15704528,-6.15704528
-8.30684982,-6.2006184,-6.14943003,-6.149565,-6.14956852,-6.14956857,-6.14956857,-6.14956857
-8.27065448,-6.13877514,-6.14173811,-6.14188239,-6.1418862,-6.14188625,-6.14188625,-6.14188625
-8.23355501,-6.13070744,-6.13383548,-6.13398968,-6.13399379,-6.13399385,-6.13399385,-6.13399385
-8.19553515,-6.12241602,-6.12571752,-6.12588227,-6.12588672,-6.12588679,-6.12588679,-6.12588679
-8.15657885,-6.11389577,-6.1173795,-6.11755547,-6.11756029,-6.11756036,-6.11756036,-6.11756036
-8.11667034,-6.10514145,-6.10881656,-6.10900449,-6.1090097,-6.10900978,-6.10900978,-6.10900978
-8.07579417,-6.09614769,-6.10002375,-6.10022439,-6.10023002,-6.10023011,-6.10023011,-6.10023011
-8.03393524,-6.08690896,-6.09099598,-6.09121014,-6.09121622,-6.09121631,-6.09121631,-6.09121631
-7.99107886,-6.07741962,-6.08172801,-6.08195655,-6.08196312,-6.08196322,-6.08196322,-6.08196322
-7.94721077,-6.06767383,-6.07221449,-6.07245831,-6.0724654,-6.07246551,-6.07246551,-6.07246551
-7.90231721,-6.05766563,-6.0624499,-6.06270996,-6.06271762,-6.06271774,-6.06271774,-6.06271774
-7.85638497,-6.04738886,-6.05242859,-6.0527059,-6.05271417,-6.05271431,-6.05271431,-6.05271431
-7.80940139,-6.0368372,-6.04214474,-6.04244038,-6.0424493,-6.04244945,-6.04244945,-6.04244945
-7.76135445,-6.02600415,-6.03159237,-6.03190746,-6.03191709,-6.03191725,-6.03191725,-6.03191725
-7.71223279,-6.01488301,-6.02076531,-6.02110106,-6.02111146,-6.02111163,-6.02111163,-6.02111163
-7.66202576,-6.00346689,-6.00965725,-6.01001492,-6.01002613,-6.01002632,-6.01002632,-6.01002632
-7.61072344,-5.99174869,-5.99826165,-5.99864259,-5.99865467,-5.99865488,-5.99865488,-5.99865488
-7.55831671,-5.97972111,-5.98657182,-5.98697744,-5.98699046,-5.98699069,-5.98699069,-5.98699069
-7.50479727,-5.96737664,-5.97458085,-5.97501263,-5.97502667,-5.97502692,-5.97502692,-5.97502692
-7.45015767,-5.95470751,-5.96228163,-5.96274116,-5.96275628,-5.96275655,-5.96275655,-5.96275655
-7.39439132,-5.94170577,-5.94966684,-5.95015578,-5.95017207,-5.95017236,-5.95017237,-5.95017237
-7.3374926,-5.9283632,-5.93672897,-5.93724907,-5.93726661,-5.93726693,-5.93726693,-5.93726693
-7.27945679,-5.91467136,-5.92346025,-5.92401336,-5.92403224,-5.92403259,-5.9240326,-5.9240326
-7.22028015,-5.90062155,-5.90985272,-5.9104408,-5.91046112,-5.9104615,-5.91046151,-5.91046151
-7.15995994,-5.88620485,-5.89589819,-5.89652329,-5.89654516,-5.89654557,-5.89654558,-5.89654558
-7.09849441,-5.87141205,-5.88158823,-5.88225252,-5.88227605,-5.8822765,-5.88227651,-5.88227651
-7.03588283,-5.85623373,-5.8669142,-5.86761997,-5.86764527,-5.86764576,-5.86764577,-5.86764577
-6.9721255,-5.84066019,-5.85186722,-5.85261686,-5.85264407,-5.85264461,-5.85264461,-5.85264461
-6.90722378,-5.82468147,-5.83643816,-5.83723422,-5.83726347,-5.83726405,-5.83726406,-5.83726406
-6.84118005,-5.80828739,-5.82061769,-5.82146283,-5.82149427,-5.8214949,-5.82149491,-5.82149491
-6.77399773,-5.79146749,-5.80439625,-5.80529328,-5.80532706,-5.80532775,-5.80532775,-5.80532775
-6.70568129,-5.77421107,-5.78776404,-5.78871591,-5.7887522,-5.78875295,-5.78875295,-5.78875295
-6.63623621,-5.75650719,-5.77071106,-5.77172088,-5.77175985,-5.77176066,-5.77176067,-5.77176067
-6.565669,-5.73834468,-5.75322708,-5.75429812,-5.75433996,-5.75434084,-5.75434085,-5.75434085
-6.49398717,-5.71971213,-5.7353017,-5.73643738,-5.73648229,-5.73648325,-5.73648326,-5.73648326
-6.42119921,-5.70059792,-5.71692429,-5.71812822,-5.71817642,-5.71817746,-5.71817748,-5.71817748
-6.34731457,-5.68099023,-5.69808405,-5.69936003,-5.69941175,-5.69941288,-5.69941289,-5.69941289
-6.27234363,-5.66087701,-5.67877004,-5.68012204,-5.68017751,-5.68017875,-5.68017876,-5.68017876
-6.19629767,-5.64024608,-5.65897113,-5.66040334,-5.66046282,-5.66046416,-5.66046418,-5.66046418
-6.11918886,-5.61908507,-5.63867607,-5.64019287,-5.64025664,-5.6402581,-5.64025811,-5.64025811
-6.04103017,-5.59738148,-5.61787349,-5.61947949,-5.61954785,-5.61954942,-5.61954944,-5.61954944
-5.96183541,-5.57512267,-5.59655194,-5.59825197,-5.59832522,-5.59832692,-5.59832695,-5.59832695
-5.88161911,-5.55229592,-5.57469988,-5.576499,-5.57657747,-5.57657932,-5.57657935,-5.57657935
-5.80039652,-5.52888842,-5.55230572,-5.55420925,-5.5542933,-5.55429531,-5.55429533,-5.55429533
-5.71818359,-5.50488734,-5.52935788,-5.53137137,-5.53146137,-5.53146355,-5.53146358,-5.53146358
-5.63499685,-5.4802798,-5.50584476,-5.50797405,-5.5080704,-5.50807276,-5.5080728,-5.5080728
-5.55085342,-5.45505297,-5.48175481,-5.48400602,-5.48410914,-5.4841117,-5.48411173,-5.48411173
-5.46577096,-5.42919404,-5.45707656,-5.45945609,-5.45956643,-5.4595692,-5.45956924,-5.45956924
-5.3797676,-5.4026903,-5.43179866,-5.43431321,-5.43443124,-5.43443424,-5.43443428,-5.43443428
-5.29286187,-5.37552916,-5.4059099,-5.40856646,-5.4086927,-5.40869595,-5.408696,-5.408696
-5.20507273,-5.34769819,-5.37939924,-5.38220517,-5.38234015,-5.38234366,-5.38234371,-5.38234371
-5.11641941,-5.31918516,-5.3522559,-5.35521887,-5.35536316,-5.35536696,-5.35536702,-5.35536702
-5.08091576,-5.28997809,-5.32446936,-5.3275974,-5.32775159,-5.32775571,-5.32775577,-5.32775577
-5.0445531,-5.26006529,-5.29602941,-5.29933091,-5.29949565,-5.29950011,-5.29950017,-5.29950017
-5.0073173,-5.22943542,-5.26692622,-5.27040994,-5.27058592,-5.27059073,-5.2705908,-5.2705908
-4.96919458,-5.1980775,-5.23715034,-5.24082545,-5.24101338,-5.24101859,-5.24101867,-5.24101867
-4.93017148,-5.165981,-5.20669282,-5.21056888,-5.21076953,-5.21077515,-5.21077524,-5.21077524
-4.89023498,-5.13313586,-5.17554517,-5.17963219,-5.17984635,-5.17985243,-5.17985253,-5.17985253
-4.84937246,-5.09953257,-5.1436995,-5.14800789,-5.14823643,-5.148243,-5.1482431,-5.14824311
-4.80757183,-5.06516218,-5.11114849,-5.11568915,-5.11593297,-5.11594006,-5.11594018,-5.11594018
-4.7648215,-5.0300164,-5.0778855,-5.08266977,-5.08292983,-5.0829375,-5.08293762,-5.08293762
-4.72111048,-4.99408759,-5.04390458,-5.04894432,-5.04922163,-5.0492299,-5.04923003,-5.04923004
-4.6764284,-4.95736887,-5.00920056,-5.0145081,-5.01480373,-5.01481266,-5.01481281,-5.01481281
-4.63076553,-4.91985412,-4.97376903,-4.97935725,-4.97967235,-4.97968198,-4.97968214,-4.97968214
-4.58411288,-4.88153809,-4.93760649,-4.9434888,-4.94382455,-4.94383494,-4.94383512,-4.94383512
-4.5364622,-4.84241637,-4.9007103,-4.90690067,-4.90725834,-4.90726955,-4.90726974,-4.90726974
-4.487806,-4.80248549,-4.86307879,-4.86959175,-4.86997269,-4.86998477,-4.86998498,-4.86998498
-4.43813766,-4.76174296,-4.82471126,-4.83156197,-4.83196758,-4.83198061,-4.83198083,-4.83198083
-4.38745139,-4.72018729,-4.78560805,-4.79281227,-4.79324405,-4.79325809,-4.79325833,-4.79325834
-4.33574232,-4.67781804,-4.74577059,-4.7533447,-4.75380423,-4.75381935,-4.75381962,-4.75381963
-4.28300648,-4.63463589,-4.70520138,-4.71316246,-4.71365139,-4.71366768,-4.71366798,-4.71366798
-4.2292409,-4.5906426,-4.6639041,-4.67226987,-4.67278997,-4.67280751,-4.67280783,-4.67280783
-4.17444356,-4.54584113,-4.62188359,-4.63067248,-4.63122559,-4.63124448,-4.63124483,-4.63124483
-4.11861348,-4.50023558,-4.57914589,-4.58837705,-4.58896513,-4.58898545,-4.58898583,-4.58898584
-4.06175069,-4.45383129,-4.53569825,-4.54539159,-4.54601669,-4.54603856,-4.54603897,-4.54603898
-4.00385628,-4.40663483,-4.49154918,-4.50172536,-4.50238965,-4.50241318,-4.50241363,-4.50241364
-3.9449324,-4.35865399,-4.44670846,-4.45738893,-4.4580947,-4.45812,-4.45812049,-4.4581205
-3.88498229,-4.30989782,-4.40118711,-4.41239414,-4.41314379,-4.413171,-4.41317153,-4.41317154
-3.82401024,-4.26037666,-4.35499746,-4.36675415,-4.36755021,-4.36757946,-4.36758004,-4.36758004
-3.76202166,-4.21010207,-4.30815309,-4.32048339,-4.32132853,-4.32135997,-4.3213606,-4.32136061
-3.69902303,-4.15908691,-4.26066887,-4.27359763,-4.27449466,-4.27452844,-4.27452913,-4.27452914
-3.63502191,-4.10734527,-4.21256094,-4.2261139,-4.22706578,-4.22710206,-4.22710281,-4.22710282
-3.57002695,-4.05489247,-4.16384667,-4.17805053,-4.17906035,-4.17909932,-4.17910014,-4.17910014
-3.50404785,-4.00174508,-4.1145447,-4.1294271,-4.13049813,-4.13053997,-4.13054085,-4.13054086
-3.43709538,-3.94792084,-4.06467485,-4.08026441,-4.08140009,-4.081445,-4.08144596,-4.08144598
-3.3691813,-3.89343867,-4.01425814,-4.0305845,-4.03178843,-4.03183663,-4.03183768,-4.03183769
-3.30031844,-3.83831861,-3.96331673,-3.98041056,-3.98168654,-3.98173826,-3.98173939,-3.9817394
-3.23052055,-3.7825818,-3.91187391,-3.92976694,-3.93111894,-3.93117441,-3.93117564,-3.93117566
-3.1598024,-3.72625043,-3.85995399,-3.87867904,-3.88011125,-3.88017073,-3.88017207,-3.88017209
-3.08817964,-3.66934768,-3.80758235,-3.82717334,-3.82869014,-3.82875392,-3.82875537,-3.82875539
-3.01566883,-3.61189766,-3.75478529,-3.7752773,-3.7768833,-3.77695165,-3.77695323,-3.77695325
-2.94228739,-3.55392539,-3.70159003,-3.7230193,-3.72471932,-3.72479257,-3.72479428,-3.7247943
-2.86805355,-3.49545669,-3.64802463,-3.67042859,-3.67222771,-3.67230618,-3.67230804,-3.67230806
-2.79298632,-3.43651812,-3.59411794,-3.61753524,-3.61943876,-3.61952281,-3.61952482,-3.61952485
-2.71710544,-3.37713694,-3.53989948,-3.56437003,-3.56638352,-3.56647352,-3.5664757,-3.56647573
-2.64043137,-3.31734098,-3.48539945,-3.5109644,-3.5130937,-3.51319005,-3.51319241,-3.51319244
-2.56298518,-3.25715862,-3.43064855,-3.45735038,-3.4596016,-3.45970472,-3.45970727,-3.45970731
-2.48478856,-3.19661865,-3.37567799,-3.40356051,-3.40594003,-3.40605037,-3.40605315,-3.40605318
-2.40586376,-3.13575025,-3.32051936,-3.34962772,-3.35214226,-3.35226029,-3.3522633,-3.35226334
-2.32623353,-3.07458281,-3.26520456,-3.29558529,-3.29824186,-3.2983681,-3.29837135,-3.29837139
-2.24592109,-3.01314594,-3.20976571,-3.24146676,-3.2442727,-3.24440767,-3.24441119,-3.24441124
-2.16495009,-2.95146932,-3.15423507,-3.18730581,-3.19026879,-3.19041307,-3.19041688,-3.19041693
-2.13733884,-2.94357692,-3.15263925,-3.18713052,-3.19025856,-3.19041275,-3.19041687,-3.19041693
-2.10908324,-2.93546986,-3.15098205,-3.18694617,-3.19024767,-3.19041241,-3.19041687,-3.19041693
-2.08017387,-2.92714343,-3.14926155,-3.18675234,-3.19023607,-3.19041204,-3.19041686,-3.19041693
-2.05060173,-2.91859284,-3.14747576,-3.18654861,-3.19022372,-3.19041165,-3.19041685,-3.19041693
-2.02035831,-2.90981318,-3.14562269,-3.18633451,-3.19021058,-3.19041122,-3.19041685,-3.19041693
-1.9894356,-2.90079938,-3.14370027,-3.18610958,-3.19019659,-3.19041076,-3.19041684,-3.19041693
-1.95782617,-2.89154629,-3.1417064,-3.18587333,-3.19018172,-3.19041026,-3.19041683,-3.19041693
-1.92552324,-2.88204858,-3.13963894,-3.18562525,-3.1901659,-3.19040972,-3.19041682,-3.19041693
-1.89252069,-2.87230081,-3.13749571,-3.18536481,-3.19014909,-3.19040915,-3.19041681,-3.19041693
-1.8588131,-2.86229738,-3.13527448,-3.18509148,-3.19013121,-3.19040853,-3.1904168,-3.19041693
-1.82439588,-2.85203252,-3.13297299,-3.18480468,-3.19011222,-3.19040786,-3.19041678,-3.19041693
-1.78926521,-2.84150032,-3.13058891,-3.18450382,-3.19009204,-3.19040714,-3.19041677,-3.19041693
-1.75341819,-2.8306947,-3.1281199,-3.18418831,-3.19007061,-3.19040637,-3.19041676,-3.19041693
-1.71685281,-2.81960939,-3.12556356,-3.1838575,-3.19004786,-3.19040553,-3.19041674,-3.19041693
-1.67956805,-2.80823795,-3.12291744,-3.18351074,-3.1900237,-3.19040464,-3.19041672,-3.19041693
-1.6415639,-2.79657376,-3.12017905,-3.18314736,-3.18999806,-3.19040368,-3.1904167,-3.19041693
-1.6028414,-2.78460999,-3.11734588,-3.18276665,-3.18997086,-3.19040265,-3.19041668,-3.19041693
-1.56340269,-2.77233962,-3.11441535,-3.18236789,-3.18994201,-3.19040154,-3.19041666,-3.19041693
-1.52325105,-2.75975543,-3.11138484,-3.18195034,-3.18991141,-3.19040035,-3.19041664,-3.19041693
-1.4823909,-2.74685,-3.1082517,-3.1815132,-3.18987897,-3.19039907,-3.19041661,-3.19041693
-1.4408279,-2.73361566,-3.10501323,-3.18105569,-3.18984458,-3.1903977,-3.19041658,-3.19041693
-1.39856891,-2.72004457,-3.10166667,-3.18057698,-3.18980815,-3.19039622,-3.19041655,-3.19041693
-1.35562204,-2.70612865,-3.09820925,-3.1800762,-3.18976954,-3.19039464,-3.19041651,-3.19041693
-1.3119967,-2.69185958,-3.09463813,-3.17955248,-3.18972866,-3.19039295,-3.19041648,-3.19041693
-1.26770357,-2.67722884,-3.09095042,-3.17900489,-3.18968536,-3.19039113,-3.19041644,-3.19041693
-1.22275461,-2.66222768,-3.08714322,-3.17843251,-3.18963954,-3.19038918,-3.19041639,-3.19041693
-1.17716311,-2.64684713,-3.08321354,-3.17783435,-3.18959103,-3.19038709,-3.19041634,-3.19041693
-1.13094368,-2.63107798,-3.07915839,-3.17720941,-3.18953971,-3.19038485,-3.19041629,-3.19041692
-1.0841122,-2.61491082,-3.07497471,-3.17655667,-3.18948543,-3.19038246,-3.19041624,-3.19041692
-1.03668589,-2.59833602,-3.07065938,-3.17587505,-3.18942802,-3.19037989,-3.19041617,-3.19041692
-0.98868321,-2.58134374,-3.06620926,-3.17516346,-3.18936732,-3.19037714,-3.19041611,-3.19041692
-0.94012393,-2.56392392,-3.06162115,-3.17442076,-3.18930316,-3.19037419,-3.19041604,-3.19041692
-0.89102904,-2.54606633,-3.0568918,-3.1736458,-3.18923537,-3.19037104,-3.19041596,-3.19041692
-0.84142076,-2.52776054,-3.05201791,-3.17283738,-3.18916374,-3.19036767,-3.19041587,-3.19041692
-0.79132247,-2.50899596,-3.04699614,-3.17199426,-3.18908809,-3.19036407,-3.19041578,-3.19041692
-0.74075872,-2.48976183,-3.04182308,-3.17111518,-3.18900821,-3.19036021,-3.19041568,-3.19041692
-0.68975515,-2.47004724,-3.03649528,-3.17019884,-3.18892388,-3.19035609,-3.19041558,-3.19041692
-0.63833846,-2.44984118,-3.03100922,-3.16924389,-3.18883489,-3.19035169,-3.19041546,-3.19041691
-0.58653632,-2.42913251,-3.02536135,-3.16824897,-3.18874098,-3.19034698,-3.19041534,-3.19041691
-0.53437737,-2.40791001,-3.01954802,-3.16721265,-3.18864193,-3.19034195,-3.1904152,-3.19041691
-0.48189113,-2.38616242,-3.01356556,-3.1661335,-3.18853746,-3.19033658,-3.19041505,-3.19041691
-0.42910792,-2.3638784,-3.00741021,-3.16501002,-3.18842732,-3.19033084,-3.1904149,-3.19041691
-0.3760588,-2.34104665,-3.00107814,-3.16384069,-3.18831123,-3.19032472,-3.19041472,-3.1904169
-0.32277551,-2.31765586,-2.99456547,-3.16262394,-3.18818889,-3.19031819,-3.19041454,-3.1904169
-0.26929038,-2.2936948,-2.98786824,-3.16135817,-3.18806001,-3.19031122,-3.19041434,-3.1904169
-0.21563625,-2.26915231,-2.9809824,-3.16004173,-3.18792426,-3.19030378,-3.19041412,-3.19041689
-0.16184641,-2.24401735,-2.97390384,-3.15867295,-3.18778131,-3.19029585,-3.19041389,-3.19041689
-0.10795446,-2.21827906,-2.96662835,-3.1572501,-3.18763083,-3.1902874,-3.19041364,-3.19041689
-0.05399431,-2.19192678,-2.95915164,-3.1557714,-3.18747246,-3.19027839,-3.19041336,-3.19041688
0,-2.16495009,-2.95146932,-3.15423507,-3.18730581,-3.19026879,-3.19041307,-3.19041688
0,-2.13733884,-2.94357692,-3.15263925,-3.18713052,-3.19025856,-3.19041275,-3.19041687
0,-2.10908324,-2.93546986,-3.15098205,-3.18694617,-3.19024767,-3.19041241,-3.19041687
0,-2.08017387,-2.92714343,-3.14926155,-3.18675234,-3.19023607,-3.19041204,-3.19041686
0,-2.05060173,-2.91859284,-3.14747576,-3.18654861,-3.19022372,-3.19041165,-3.19041685
0,-2.02035831,-2.90981318,-3.14562269,-3.18633451,-3.19021058,-3.19041122,-3.19041685
0,-1.9894356,-2.90079938,-3.14370027,-3.18610958,-3.19019659,-3.19041076,-3.19041684
0,-1.95782617,-2.89154629,-3.1417064,-3.18587333,-3.19018172,-3.19041026,-3.19041683
0,-1.92552324,-2.88204858,-3.13963894,-3.18562525,-3.1901659,-3.19040972,-3.19041682
0,-1.89252069,-2.87230081,-3.13749571,-3.18536481,-3.19014909,-3.19040915,-3.19041681
0,-1.8588131,-2.86229738,-3.13527448,-3.18509148,-3.19013121,-3.19040853,-3.1904168
0,-1.82439588,-2.85203252,-3.13297299,-3.18480468,-3.19011222,-3.19040786,-3.19041678
0,-1.78926521,-2.84150032,-3.13058891,-3.18450382,-3.19009204,-3.19040714,-3.19041677
0,-1.75341819,-2.8306947,-3.1281199,-3.18418831,-3.19007061,-3.19040637,-3.19041676
0,-1.71685281,-2.81960939,-3.12556356,-3.1838575,-3.19004786,-3.19040553,-3.19041674
0,-1.67956805,-2.80823795,-3.12291744,-3.18351074,-3.1900237,-3.19040464,-3.19041672
0,-1.6415639,-2.79657376,-3.12017905,-3.18314736,-3.18999806,-3.19040368,-3.1904167
0,-1.6028414,-2.78460999,-3.11734588,-3.18276665,-3.18997086,-3.19040265,-3.19041668
0,-1.56340269,-2.77233962,-3.11441535,-3.18236789,-3.18994201,-3.19040154,-3.19041666
0,-1.52325105,-2.75975543,-3.11138484,-3.18195034,-3.18991141,-3.19040035,-3.19041664
0,-1.4823909,-2.74685,-3.1082517,-3.1815132,-3.18987897,-3.19039907,-3.19041661
0,-1.4408279,-2.73361566,-3.10501323,-3.18105569,-3.18984458,-3.1903977,-3.19041658
0,-1.39856891,-2.72004457,-3.10166667,-3.18057698,-3.18980815,-3.19039622,-3.19041655
0,-1.35562204,-2.70612865,-3.09820925,-3.1800762,-3.18976954,-3.19039464,-3.19041651
0,-1.3119967,-2.69185958,-3.09463813,-3.17955248,-3.18972866,-3.19039295,-3.19041648
0,-1.26770357,-2.67722884,-3.09095042,-3.17900489,-3.18968536,-3.19039113,-3.19041644
0,-1.22275461,-2.66222768,-3.08714322,-3.17843251,-3.18963954,-3.19038918,-3.19041639
0,-1.17716311,-2.64684713,-3.08321354,-3.17783435,-3.18959103,-3.19038709,-3.19041634
0,-1.13094368,-2.63107798,-3.07915839,-3.17720941,-3.18953971,-3.19038485,-3.19041629
0,-1.0841122,-2.61491082,-3.07497471,-3.17655667,-3.18948543,-3.19038246,-3.19041624
0,-1.03668589,-2.59833602,-3.07065938,-3.17587505,-3.18942802,-3.19037989,-3.19041617
0,-0.98868321,-2.58134374,-3.06620926,-3.17516346,-3.18936732,-3.19037714,-3.19041611
0,-0.94012393,-2.56392392,-3.06162115,-3.17442076,-3.18930316,-3.19037419,-3.19041604
0,-0.89102904,-2.54606633,-3.0568918,-3.1736458,-3.18923537,-3.19037104,-3.19041596
0,-0.84142076,-2.52776054,-3.05201791,-3.17283738,-3.18916374,-3.19036767,-3.19041587
0,-0.79132247,-2.50899596,-3.04699614,-3.17199426,-3.18908809,-3.19036407,-3.19041578
0,-0.74075872,-2.48976183,-3.04182308,-3.17111518,-3.18900821,-3.19036021,-3.19041568
0,-0.68975515,-2.47004724,-3.03649528,-3.17019884,-3.18892388,-3.19035609,-3.19041558
0,-0.63833846,-2.44984118,-3.03100922,-3.16924389,-3.18883489,-3.19035169,-3.19041546
0,-0.58653632,-2.42913251,-3.02536135,-3.16824897,-3.18874098,-3.19034698,-3.19041534
0,-0.53437737,-2.40791001,-3.01954802,-3.16721265,-3.18864193,-3.19034195,-3.1904152
0,-0.48189113,-2.38616242,-3.01356556,-3.1661335,-3.18853746,-3.19033658,-3.19041505
0,-0.42910792,-2.3638784,-3.00741021,-3.16501002,-3.18842732,-3.19033084,-3.1904149
0,-0.3760588,-2.34104665,-3.00107814,-3.16384069,-3.18831123,-3.19032472,-3.19041472
0,-0.32277551,-2.31765586,-2.99456547,-3.16262394,-3.18818889,-3.19031819,-3.19041454
0,-0.26929038,-2.2936948,-2.98786824,-3.16135817,-3.18806001,-3.19031122,-3.19041434
0,-0.21563625,-2.26915231,-2.9809824,-3.16004173,-3.18792426,-3.19030378,-3.19041412
0,-0.16184641,-2.24401735,-2.97390384,-3.15867295,-3.18778131,-3.19029585,-3.19041389
0,-0.10795446,-2.21827906,-2.96662835,-3.1572501,-3.18763083,-3.1902874,-3.19041364
0,-0.05399431,-2.19192678,-2.95915164,-3.1557714,-3.18747246,-3.19027839,-3.19041336
0,0,-2.16495009,-2.95146932,-3.15423507,-3.18730581,-3.19026879,-3.19041307
0,0,-2.13733884,-2.94357692,-3.15263925,-3.18713052,-3.19025856,-3.19041275
0,0,-2.10908324,-2.93546986,-3.15098205,-3.18694617,-3.19024767,-3.19041241
0,0,-2.08017387,-2.92714343,-3.14926155,-3.18675234,-3.19023607,-3.19041204
0,0,-2.05060173,-2.91859284,-3.14747576,-3.18654861,-3.19022372,-3.19041165
0,0,-2.02035831,-2.90981318,-3.14562269,-3.18633451,-3.19021058,-3.19041122
0,0,-1.9894356,-2.90079938,-3.14370027,-3.18610958,-3.19019659,-3.19041076
0,0,-1.95782617,-2.89154629,-3.1417064,-3.18587333,-3.19018172,-3.19041026
0,0,-1.92552324,-2.88204858,-3.13963894,-3.18562525,-3.1901659,-3.19040972
0,0,-1.89252069,-2.87230081,-3.13749571,-3.18536481,-3.19014909,-3.19040915
0,0,-1.8588131,-2.86229738,-3.13527448,-3.18509148,-3.19013121,-3.19040853
0,0,-1.82439588,-2.85203252,-3.13297299,-3.18480468,-3.19011222,-3.19040786
0,0,-1.78926521,-2.84150032,-3.13058891,-3.18450382,-3.19009204,-3.19040714
0,0,-1.75341819,-2.8306947,-3.1281199,-3.18418831,-3.19007061,-3.19040637
0,0,-1.71685281,-2.81960939,-3.12556356,-3.1838575,-3.19004786,-3.19040553
0,0,-1.67956805,-2.80823795,-3.12291744,-3.18351074,-3.1900237,-3.19040464
0,0,-1.6415639,-2.79657376,-3.12017905,-3.18314736,-3.18999806,-3.19040368
0,0,-1.6028414,-2.78460999,-3.11734588,-3.18276665,-3.18997086,-3.19040265
0,0,-1.56340269,-2.77233962,-3.11441535,-3.18236789,-3.18994201,-3.19040154
0,0,-1.52325105,-2.75975543,-3.11138484,-3.18195034,-3.18991141,-3.19040035
0,0,-1.4823909,-2.74685,-3.1082517,-3.1815132,-3.18987897,-3.19039907
0,0,-1.4408279,-2.73361566,-3.10501323,-3.18105569,-3.18984458,-3.1903977
0,0,-1.39856891,-2.72004457,-3.10166667,-3.18057698,-3.18980815,-3.19039622
0,0,-1.35562204,-2.70612865,-3.09820925,-3.1800762,-3.18976954,-3.19039464
0,0,-1.3119967,-2.69185958,-3.09463813,-3.17955248,-3.18972866,-3.19039295
0,0,-1.26770357,-2.67722884,-3.09095042,-3.17900489,-3.18968536,-3.19039113
0,0,-1.22275461,-2.66222768,-3.08714322,-3.17843251,-3.18963954,-3.19038918
0,0,-1.17716311,-2.64684713,-3.08321354,-3.17783435,-3.18959103,-3.19038709
0,0,-1.13094368,-2.63107798,-3.07915839,-3.17720941,-3.18953971,-3.19038485
0,0,-1.0841122,-2.61491082,-3.07497471,-3.17655667,-3.18948543,-3.19038246
0,0,-1.03668589,-2.59833602,-3.07065938,-3.17587505,-3.18942802,-3.19037989
0,0,-0.98868321,-2.58134374,-3.06620926,-3.17516346,-3.18936732,-3.19037714
0,0,-0.94012393,-2.56392392,-3.06162115,-3.17442076,-3.18930316,-3.19037419
0,0,-0.89102904,-2.54606633,-3.0568918,-3.1736458,-3.18923537,-3.19037104
0,0,-0.84142076,-2.52776054,-3.05201791,-3.17283738,-3.18916374,-3.19036767
0,0,-0.79132247,-2.50899596,-3.04699614,-3.17199426,-3.18908809,-3.19036407
0,0,-0.74075872,-2.48976183,-3.04182308,-3.17111518,-3.18900821,-3.19036021
0,0,-0.68975515,-2.47004724,-3.03649528,-3.17019884,-3.18892388,-3.19035609
0,0,-0.63833846,-2.44984118,-3.03100922,-3.16924389,-3.18883489,-3.19035169
0,0,-0.58653632,-2.42913251,-3.02536135,-3.16824897,-3.18874098,-3.19034698
0,0,-0.53437737,-2.40791001,-3.01954802,-3.16721265,-3.18864193,-3.19034195
0,0,-0.48189113,-2.38616242,-3.01356556,-3.1661335,-3.18853746,-3.19033658
0,0,-0.42910792,-2.3638784,-3.00741021,-3.16501002,-3.18842732,-3.19033084
0,0,-0.3760588,-2.34104665,-3.00107814,-3.16384069,-3.18831123,-3.19032472
0,0,-0.32277551,-2.31765586,-2.99456547,-3.16262394,-3.18818889,-3.19031819
0,0,-0.26929038,-2.2936948,-2.98786824,-3.16135817,-3.18806001,-3.19031122
0,0,-0.21563625,-2.26915231,-2.9809824,-3.16004173,-3.18792426,-3.19030378
0,0,-0.16184641,-2.24401735,-2.97390384,-3.15867295,-3.18778131,-3.19029585
0,0,-0.10795446,-2.21827906,-2.96662835,-3.1572501,-3.18763083,-3.1902874
0,0,-0.05399431,-2.19192678,-2.95915164,-3.1557714,-3.18747246,-3.19027839
0,0,0,-2.16495009,-2.95146932,-3.15423507,-3.18730581,-3.19026879
0,0,0,-2.13733884,-2.94357692,-3.15263925,-3.18713052,-3.19025856
0,0,0,-2.10908324,-2.93546986,-3.15098205,-3.18694617,-3.19024767
0,0,0,-2.08017387,-2.92714343,-3.14926155,-3.18675234,-3.19023607
0,0,0,-2.05060173,-2.91859284,-3.14747576,-3.18654861,-3.19022372
0,0,0,-2.02035831,-2.90981318,-3.14562269,-3.18633451,-3.19021058
0,0,0,-1.9894356,-2.90079938,-3.14370027,-3.18610958,-3.19019659
0,0,0,-1.95782617,-2.89154629,-3.1417064,-3.18587333,-3.19018172
0,0,0,-1.92552324,-2.88204858,-3.13963894,-3.18562525,-3.1901659
0,0,0,-1.89252069,-2.87230081,-3.13749571,-3.18536481,-3.19014909
0,0,0,-1.8588131,-2.86229738,-3.13527448,-3.18509148,-3.19013121
0,0,0,-1.82439588,-2.85203252,-3.13297299,-3.18480468,-3.19011222
0,0,0,-1.78926521,-2.84150032,-3.13058891,-3.18450382,-3.19009204
0,0,0,-1.75341819,-2.8306947,-3.1281199,-3.18418831,-3.19007061
0,0,0,-1.71685281,-2.81960939,-3.12556356,-3.1838575,-3.19004786
0,0,0,-1.67956805,-2.80823795,-3.12291744,-3.18351074,-3.1900237
0,0,0,-1.6415639,-2.79657376,-3.12017905,-3.18314736,-3.18999806
0,0,0,-1.6028414,-2.78460999,-3.11734588,-3.18276665,-3.18997086
0,0,0,-1.56340269,-2.77233962,-3.11441535,-3.18236789,-3.18994201
0,0,0,-1.52325105,-2.75975543,-3.11138484,-3.18195034,-3.18991141
0,0,0,-1.4823909,-2.74685,-3.1082517,-3.1815132,-3.18987897
0,0,0,-1.4408279,-2.73361566,-3.10501323,-3.18105569,-3.18984458
0,0,0,-1.39856891,-2.72004457,-3.10166667,-3.18057698,-3.18980815
0,0,0,-1.35562204,-2.70612865,-3.09820925,-3.1800762,-3.18976954
0,0,0,-1.3119967,-2.69185958,-3.09463813,-3.17955248,-3.18972866
0,0,0,-1.26770357,-2.67722884,-3.09095042,-3.17900489,-3.18968536
0,0,0,-1.22275461,-2.66222768,-3.08714322,-3.17843251,-3.18963954
0,0,0,-1.17716311,-2.64684713,-3.08321354,-3.17783435,-3.18959103
0,0,0,-1.13094368,-2.63107798,-3.07915839,-3.17720941,-3.18953971
0,0,0,-1.0841122,-2.61491082,-3.07497471,-3.17655667,-3.18948543
0,0,0,-1.03668589,-2.59833602,-3.07065938,-3.17587505,-3.18942802
0,0,0,-0.98868321,-2.58134374,-3.06620926,-3.17516346,-3.18936732
0,0,0,-0.94012393,-2.56392392,-3.06162115,-3.17442076,-3.18930316
0,0,0,-0.89102904,-2.54606633,-3.0568918,-3.1736458,-3.18923537
0,0,0,-0.84142076,-2.52776054,-3.05201791,-3.17283738,-3.18916374
0,0,0,-0.79132247,-2.50899596,-3.04699614,-3.17199426,-3.18908809
0,0,0,-0.74075872,-2.48976183,-3.04182308,-3.17111518,-3.18900821
0,0,0,-0.68975515,-2.47004724,-3.03649528,-3.17019884,-3.18892388
0,0,0,-0.63833846,-2.44984118,-3.03100922,-3.16924389,-3.18883489
0,0,0,-0.58653632,-2.42913251,-3.02536135,-3.16824897,-3.18874098
0,0,0,-0.53437737,-2.40791001,-3.01954802,-3.16721265,-3.18864193
0,0,0,-0.48189113,-2.38616242,-3.01356556,-3.1661335,-3.18853746
0,0,0,-0.42910792,-2.3638784,-3.00741021,-3.16501002,-3.18842732
0,0,0,-0.3760588,-2.34104665,-3.00107814,-3.16384069,-3.18831123
0,0,0,-0.32277551,-2.31765586,-2.99456547,-3.16262394,-3.18818889
0,0,0,-0.26929038,-2.2936948,-2.98786824,-3.16135817,-3.18806001
0,0,0,-0.21563625,-2.26915231,-2.9809824,-3.16004173,-3.18792426
0,0,0,-0.16184641,-2.24401735,-2.97390384,-3.15867295,-3.18778131
0,0,0,-0.10795446,-2.21827906,-2.96662835,-3.1572501,-3.18763083
0,0,0,-0.05399431,-2.19192678,-2.95915164,-3.1557714,-3.18747246
0,0,0,0,-2.16495009,-2.95146932,-3.15423507,-3.18730581
0,0,0,0,-2.13733884,-2.94357692,-3.15263925,-3.18713052
0,0,0,0,-2.10908324,-2.93546986,-3.15098205,-3.18694617
0,0,0,0,-2.08017387,-2.92714343,-3.14926155,-3.18675234
0,0,0,0,-2.05060173,-2.91859284,-3.14747576,-3.18654861
0,0,0,0,-2.02035831,-2.90981318,-3.14562269,-3.18633451
0,0,0,0,-1.9894356,-2.90079938,-3.14370027,-3.18610958
0,0,0,0,-1.95782617,-2.89154629,-3.1417064,-3.18587333
0,0,0,0,-1.92552324,-2.88204858,-3.13963894,-3.18562525
0,0,0,0,-1.89252069,-2.87230081,-3.13749571,-3.18536481
0,0,0,0,-1.8588131,-2.86229738,-3.13527448,-3.18509148
0,0,0,0,-1.82439588,-2.85203252,-3.13297299,-3.18480468
0,0,0,0,-1.78926521,-2.84150032,-3.13058891,-3.18450382
0,0,0,0,-1.75341819,-2.8306947,-3.1281199,-3.18418831
0,0,0,0,-1.71685281,-2.81960939,-3.12556356,-3.1838575
0,0,0,0,-1.67956805,-2.80823795,-3.12291744,-3.18351074
0,0,0,0,-1.6415639,-2.79657376,-3.12017905,-3.18314736
0,0,0,0,-1.6028414,-2.78460999,-3.11734588,-3.18276665
0,0,0,0,-1.56340269,-2.77233962,-3.11441535,-3.18236789
0,0,0,0,-1.52325105,-2.75975543,-3.11138484,-3.18195034
0,0,0,0,-1.4823909,-2.74685,-3.1082517,-3.1815132
0,0,0,0,-1.4408279,-2.73361566,-3.10501323,-3.18105569
0,0,0,0,-1.39856891,-2.72004457,-3.10166667,-3.18057698
0,0,0,0,-1.35562204,-2.70612865,-3.09820925,-3.1800762
0,0,0,0,-1.3119967,-2.69185958,-3.09463813,-3.17955248
0,0,0,0,-1.26770357,-2.67722884,-3.09095042,-3.17900489
0,0,0,0,-1.22275461,-2.66222768,-3.08714322,-3.17843251
0,0,0,0,-1.17716311,-2.64684713,-3.08321354,-3.17783435
0,0,0,0,-1.13094368,-2.63107798,-3.07915839,-3.17720941
0,0,0,0,-1.0841122,-2.61491082,-3.07497471,-3.17655667
0,0,0,0,-1.03668589,-2.59833602,-3.07065938,-3.17587505
0,0,0,0,-0.98868321,-2.58134374,-3.06620926,-3.17516346
0,0,0,0,-0.94012393,-2.56392392,-3.06162115,-3.17442076
0,0,0,0,-0.89102904,-2.54606633,-3.0568918,-3.1736458
0,0,0,0,-0.84142076,-2.52776054,-3.05201791,-3.17283738
0,0,0,0,-0.79132247,-2.50899596,-3.04699614,-3.17199426
0,0,0,0,-0.74075872,-2.48976183,-3.04182308,-3.17111518
0,0,0,0,-0.68975515,-2.47004724,-3.03649528,-3.17019884
0,0,0,0,-0.63833846,-2.44984118,-3.03100922,-3.16924389
0,0,0,0,-0.58653632,-2.42913251,-3.02536135,-3.16824897
0,0,0,0,-0.53437737,-2.40791001,-3.01954802,-3.16721265
0,0,0,0,-0.48189113,-2.38616242,-3.01356556,-3.1661335
0,0,0,0,-0.42910792,-2.3638784,-3.00741021,-3.16501002
0,0,0,0,-0.3760588,-2.34104665,-3.00107814,-3.16384069
0,0,0,0,-0.32277551,-2.31765586,-2.99456547,-3.16262394
0,0,0,0,-0.26929038,-2.2936948,-2.98786824,-3.16135817
0,0,0,0,-0.21563625,-2.26915231,-2.9809824,-3.16004173
0,0,0,0,-0.16184641,-2.24401735,-2.97390384,-3.15867295
0,0,0,0,-0.10795446,-2.21827906,-2.96662835,-3.1572501
0,0,0,0,-0.05399431,-2.19192678,-2.95915164,-3.1557714
0,0,0,0,0,-2.16495009,-2.95146932,-3.15423507
0,0,0,0,0,-2.13733884,-2.94357692,-3.15263925
0,0,0,0,0,-2.10908324,-2.93546986,-3.15098205
0,0,0,0,0,-2.08017387,-2.92714343,-3.14926155
0,0,0,0,0,-2.05060173,-2.91859284,-3.14747576
0,0,0,0,0,-2.02035831,-2.90981318,-3.14562269
0,0,0,0,0,-1.9894356,-2.90079938,-3.14370027
0,0,0,0,0,-1.95782617,-2.89154629,-3.1417064
0,0,0,0,0,-1.92552324,-2.88204858,-3.13963894
0,0,0,0,0,-1.89252069,-2.87230081,-3.13749571
0,0,0,0,0,-1.8588131,-2.86229738,-3.13527448
0,0,0,0,0,-1.82439588,-2.85203252,-3.13297299
0,0,0,0,0,-1.78926521,-2.84150032,-3.13058891
0,0,0,0,0,-1.75341819,-2.8306947,-3.1281199
0,0,0,0,0,-1.71685281,-2.81960939,-3.12556356
0,0,0,0,0,-1.67956805,-2.80823795,-3.12291744
0,0,0,0,0,-1.6415639,-2.79657376,-3.12017905
0,0,0,0,0,-1.6028414,-2.78460999,-3.11734588
0,0,0,0,0,-1.56340269,-2.77233962,-3.11441535
0,0,0,0,0,-1.52325105,-2.75975543,-3.11138484
0,0,0,0,0,-1.4823909,-2.74685,-3.1082517
0,0,0,0,0,-1.4408279,-2.73361566,-3.10501323
0,0,0,0,0,-1.39856891,-2.72004457,-3.10166667
0,0,0,0,0,-1.35562204,-2.70612865,-3.09820925
0,0,0,0,0,-1.3119967,-2.69185958,-3.09463813
0,0,0,0,0,-1.26770357,-2.67722884,-3.09095042
0,0,0,0,0,-1.22275461,-2.66222768,-3.08714322
0,0,0,0,0,-1.17716311,-2.64684713,-3.08321354
0,0,0,0,0,-1.13094368,-2.63107798,-3.07915839
0,0,0,0,0,-1.0841122,-2.61491082,-3.07497471
0,0,0,0,0,-1.03668589,-2.59833602,-3.07065938
0,0,0,0,0,-0.98868321,-2.58134374,-3.06620926
0,0,0,0,0,-0.94012393,-2.56392392,-3.06162115
0,0,0,0,0,-0.89102904,-2.54606633,-3.0568918
0,0,0,0,0,-0.84142076,-2.52776054,-3.05201791
0,0,0,0,0,-0.79132247,-2.50899596,-3.04699614
0,0,0,0,0,-0.74075872,-2.48976183,-3.04182308
0,0,0,0,0,-0.68975515,-2.47004724,-3.03649528
0,0,0,0,0,-0.63833846,-2.44984118,-3.03100922
0,0,0,0,0,-0.58653632,-2.42913251,-3.02536135
0,0,0,0,0,-0.53437737,-2.40791001,-3.01954802
0,0,0,0,0,-0.48189113,-2.38616242,-3.01356556
0,0,0,0,0,-0.42910792,-2.3638784,-3.00741021
0,0,0,0,0,-0.3760588,-2.34104665,-3.00107814
0,0,0,0,0,-0.32277551,-2.31765586,-2.99456547
0,0,0,0,0,-0.26929038,-2.2936948,-2.98786824
0,0,0,0,0,-0.21563625,-2.26915231,-2.9809824
0,0,0,0,0,-0.16184641,-2.24401735,-2.97390384
0,0,0,0,0,-0.10795446,-2.21827906,-2.96662835
0,0,0,0,0,-0.05399431,-2.19192678,-2.95915164
0,0,0,0,0,0,-2.16495009,-2.95146932
0,0,0,0,0,0,-2.13733884,-2.94357692
0,0,0,0,0,0,-2.10908324,-2.93546986
0,0,0,0,0,0,-2.08017387,-2.92714343
0,0,0,0,0,0,-2.05060173,-2.91859284
0,0,0,0,0,0,-2.02035831,-2.90981318
0,0,0,0,0,0,-1.9894356,-2.90079938
0,0,0,0,0,0,-1.95782617,-2.89154629
0,0,0,0,0,0,-1.92552324,-2.88204858
0,0,0,0,0,0,-1.89252069,-2.87230081
0,0,0,0,0,0,-1.8588131,-2.86229738
0,0,0,0,0,0,-1.82439588,-2.85203252
0,0,0,0,0,0,-1.78926521,-2.84150032
0,0,0,0,0,0,-1.75341819,-2.8306947
0,0,0,0,0,0,-1.71685281,-2.81960939
0,0,0,0,0,0,-1.67956805,-2.80823795
0,0,0,0,0,0,-1.6415639,-2.79657376
0,0,0,0,0,0,-1.6028414,-2.78460999
0,0,0,0,0,0,-1.56340269,-2.77233962
0,0,0,0,0,0,-1.52325105,-2.75975543
0,0,0,0,0,0,-1.4823909,-2.74685
0,0,0,0,0,0,-1.4408279,-2.73361566
0,0,0,0,0,0,-1.39856891,-2.72004457
0,0,0,0,0,0,-1.35562204,-2.70612865
0,0,0,0,0,0,-1.3119967,-2.69185958
0,0,0,0,0,0,-1.26770357,-2.67722884
0,0,0,0,0,0,-1.22275461,-2.66222768
0,0,0,0,0,0,-1.17716311,-2.64684713
0,0,0,0,0,0,-1.13094368,-2.63107798
0,0,0,0,0,0,-1.0841122,-2.61491082
0,0,0,0,0,0,-1.03668589,-2.59833602
0,0,0,0,0,0,-0.98868321,-2.58134374
0,0,0,0,0,0,-0.94012393,-2.56392392
0,0,0,0,0,0,-0.89102904,-2.54606633
0,0,0,0,0,0,-0.84142076,-2.52776054
0,0,0,0,0,0,-0.79132247,-2.50899596
0,0,0,0,0,0,-0.74075872,-2.48976183
0,0,0,0,0,0,-0.68975515,-2.47004724
0,0,0,0,0,0,-0.63833846,-2.44984118
0,0,0,0,0,0,-0.58653632,-2.42913251
0,0,0,0,0,0,-0.53437737,-2.40791001
0,0,0,0,0,0,-0.48189113,-2.38616242
0,0,0,0,0,0,-0.42910792,-2.3638784
0,0,0,0,0,0,-0.3760588,-2.34104665
0,0,0,0,0,0,-0.32277551,-2.31765586
0,0,0,0,0,0,-0.26929038,-2.2936948
0,0,0,0,0,0,-0.21563625,-2.26915231
0,0,0,0,0,0,-0.16184641,-2.24401735
0,0,0,0,0,0,-0.10795446,-2.21827906
0,0,0,0,0,0,-0.05399431,-2.19192678
0,0,0,0,0,0,0,-2.16495009
0,0,0,0,0,0,0,-2.13733884
0,0,0,0,0,0,0,-2.10908324
0,0,0,0,0,0,0,-2.08017387
0,0,0,0,0,0,0,-2.05060173
0,0,0,0,0,0,0,-2.02035831
0,0,0,0,0,0,0,-1.9894356
0,0,0,0,0,0,0,-1.95782617
0,0,0,0,0,0,0,-1.92552324
0,0,0,0,0,0,0,-1.89252069
0,0,0,0,0,0,0,-1.8588131
0,0,0,0,0,0,0,-1.82439588
0,0,0,0,0,0,0,-1.78926521
0,0,0,0,0,0,0,-1.75341819
0,0,0,0,0,0,0,-1.71685281
0,0,0,0,0,0,0,-1.67956805
0,0,0,0,0,0,0,-1.6415639
0,0,0,0,0,0,0,-1.6028414
0,0,0,0,0,0,0,-1.56340269
0,0,0,0,0,0,0,-1.52325105
0,0,0,0,0,0,0,-1.4823909
0,0,0,0,0,0,0,-1.4408279
0,0,0,0,0,0,0,-1.39856891
0,0,0,0,0,0,0,-1.35562204
0,0,0,0,0,0,0,-1.3119967
0,0,0,0,0,0,0,-1.26770357
0,0,0,0,0,0,0,-1.22275461
0,0,0,0,0,0,0,-1.17716311
0,0,0,0,0,0,0,-1.13094368
0,0,0,0,0,0,0,-1.0841122
0,0,0,0,0,0,0,-1.03668589
0,0,0,0,0,0,0,-0.98868321
0,0,0,0,0,0,0,-0.94012393
0,0,0,0,0,0,0,-0.89102904
0,0,0,0,0,0,0,-0.84142076
0,0,0,0,0,0,0,-0.79132247
0,0,0,0,0,0,0,-0.74075872
0,0,0,0,0,0,0,-0.68975515
0,0,0,0,0,0,0,-0.63833846
0,0,0,0,0,0,0,-0.58653632
0,0,0,0,0,0,0,-0.53437737
0,0,0,0,0,0,0,-0.48189113
0,0,0,0,0,0,0,-0.42910792
0,0,0,0,0,0,0,-0.3760588
0,0,0,0,0,0,0,-0.32277551
0,0,0,0,0,0,0,-0.26929038
0,0,0,0,0,0,0,-0.21563625
0,0,0,0,0,0,0,-0.16184641
0,0,0,0,0,0,0,-0.10795446
0,0,0,0,0,0,0,-0.05399431
0,0,0,0,0,0,0,0
0,0,0,0,0,0,0,0
0,0,0,0,0,0,0,0
0,0,0,0,0,0,0,0
0,0,0,0,0,0,0,0
0,0,0,0,0,0,0,0
0,0,0,0,0,0,0,0
0,0,0,0,0,0,0,0
0,0,0,0,0,0,0,0
0,0,0,0,0,0,0,0
0,0,0,0,0,0,0,0
0,0,0,0,0,0,0,0
0,0,0,0,0,0,0,0
0,0,0,0,0,0,0,0
0,0,0,0,0,0,0,0
0,0,0,0,0,0,0,0
0,0,0,0,0,0,0,0
0,0,0,0,0,0,0,0
0,0,0,0,0,0,0,0
0,0,0,0,0,0,0,0
0,0,0,0,0,0,0,0
0,0,0,0,0,0,0,0
0,0,0,0,0,0,0,0
0,0,0,0,0,0,0,0
0,0,0,0,0,0,0,0
0,0,0,0,0,0,0,0
0,0,0,0,0,0,0,0
0,0,0,0,0,0,0,0
0,0,0,0,0,0,0,0
0,0,0,0,0,0,0,0
0,0,0,0,0,0,0,0
0,0,0,0,0,0,0,0
0,0,0,0,0,0,0,0
0,0,0,0,0,0,0,0
0,0,0,0,0,0,0,0
0,0,0,0,0,0,0,0
0,0,0,0,0,0,0,0
0,0,0,0,0,0,0,0
0,0,0,0,0,0,0,0
0,0,0,0,0,0,0,0
0,0,0,0,0,0,0,0
0,0,0,0,0,0,0,0
0,0,0,0,0,0,0,0
0,0,0,0,0,0,0,0
0,0,0,0,0,0,0,0
0,0,0,0,0,0,0,0
0,0,0,0,0,0,0,0
0,0,0,0,0,0,0,0
0,0,0,0,0,0,0,0
0,0,0,0,0,0,0,0
0,0,0,0,0,0,0,0
0,0,0,0,0,0,0,0
0,0,0,0,0,0,0,0
0,0,0,0,0,0,0,0
0,0,0,0,0,0,0,0
0,0,0,0,0,0,0,0
0,0,0,0,0,0,0,0
0,0,0,0,0,0,0,0
0,0,0,0,0,0,0,0
0,0,0,0,0,0,0,0
0,0,0,0,0,0,0,0
0,0,0,0,0,0,0,0
0,0,0,0,0,0,0,0
0,0,0,0,0,0,0,0
0,0,0,0,0,0,0,0
0,0,0,0,0,0,0,0
0,0,0,0,0,0,0,0
0,0,0,0,0,0,0,0
0,0,0,0,0,0,0,0
0,0,0,0,0,0,0,0
0,0,0,0,0,0,0,0
0,0,0,0,0,0,0,0
0,0,0,0,0,0,0,0
0,0,0,0,0,0,0,0
0,0,0,0,0,0,0,0
0,0,0,0,0,0,0,0
0,0,0,0,0,0,0,0
0,0,0,0,0,0,0,0
0,0,0,0,0,0,0,0
0,0,0,0,0,0,0,0
0,0,0,0,0,0,0,0
0,0,0,0,0,0,0,0
0,0,0,0,0,0,0,0
0,0,0,0,0,0,0,0
0,0,0,0,0,0,0,0
0,0,0,0,0,0,0,0
0,0,0,0,0,0,0,0
0,0,0,0,0,0,0,0
0,0,0,0,0,0,0,0
0,0,0,0,0,0,0,0
0,0,0,0,0,0,0,0
0,0,0,0,0,0,0,0
0,0,0,0,0,0,0,0
0,0,0,0,0,0,0,0
0,0,0,0,0,0,0,0
0,0,0,0,0,0,0,0
0,0,0,0,0,0,0,0
0,0,0,0,0,0,0,0
0,0,0,0,0,0,0,0
0,0,0,0,0,0,0,0
